spatialstrmClients,Hostname,Capabilities,Device Type,NeighborMac,ChannelwidthAp,Channel,Username,MacAddress,RSSI,CCXV,Status,ChannelWidth,maxAprate,AP Mac Address,ConnRate,ConnScore,volume,Heard By,AP Name,SpatialStream,ChannelwidthClient,SSID,spatialstrmAp,maxClientrate,SNR,epochTime
b'1',b'Unknown',b'802.11ac (5GHz)',b'',"b'38:20:56:7e:1e:90,38:20:56:7e:27:d8,38:20:56:80:26:20'",b'40',b'36',b'tjsdn2560',b'78:f8:82:a4:f9:1d',b'-64',b'1',b'2481',b'40',b'600',b'80:e8:6f:d8:09:e8',b'200',b'46',b'755669',"b'Eng1_01F_A17(-80 dBm),Eng1_02F_A04(-85 dBm),Eng1_01F_A21(-83 dBm)'",b'Community-1F-01',b'2',b'80',b'WUNIST_AAA',b'3',b'433',b'30',1575160282.2214143
b'1',b'Unknown',b'802.11ac (5GHz)',b'',"b'38:20:56:7e:1e:90,38:20:56:7e:27:d8,38:20:56:80:26:20'",b'40',b'36',b'tjsdn2560',b'78:f8:82:a4:f9:1d',b'-64',b'1',b'2483',b'40',b'600',b'80:e8:6f:d8:09:e8',b'200',b'46',b'755669',"b'Eng1_01F_A17(-80 dBm),Eng1_02F_A04(-85 dBm),Eng1_01F_A21(-83 dBm)'",b'Community-1F-01',b'2',b'80',b'WUNIST_AAA',b'3',b'433',b'30',1575160284.2353969
b'1',b'Unknown',b'802.11ac (5GHz)',b'',"b'38:20:56:7e:1e:90,38:20:56:7e:27:d8,38:20:56:80:26:20'",b'40',b'36',b'tjsdn2560',b'78:f8:82:a4:f9:1d',b'-64',b'1',b'2485',b'40',b'600',b'80:e8:6f:d8:09:e8',b'200',b'46',b'755669',"b'Eng1_01F_A17(-80 dBm),Eng1_02F_A04(-85 dBm),Eng1_01F_A21(-83 dBm)'",b'Community-1F-01',b'2',b'80',b'WUNIST_AAA',b'3',b'433',b'30',1575160286.2516084
b'1',b'Unknown',b'802.11ac (5GHz)',b'',"b'38:20:56:7e:1e:90,38:20:56:7e:27:d8,38:20:56:80:26:20'",b'40',b'36',b'tjsdn2560',b'78:f8:82:a4:f9:1d',b'-64',b'1',b'2487',b'40',b'600',b'80:e8:6f:d8:09:e8',b'200',b'46',b'755669',"b'Eng1_01F_A17(-80 dBm),Eng1_02F_A04(-85 dBm),Eng1_01F_A21(-83 dBm)'",b'Community-1F-01',b'2',b'80',b'WUNIST_AAA',b'3',b'433',b'30',1575160288.264487
b'1',b'Unknown',b'802.11ac (5GHz)',b'',"b'38:20:56:7e:1e:90,38:20:56:7e:27:d8,38:20:56:80:26:20'",b'40',b'36',b'tjsdn2560',b'78:f8:82:a4:f9:1d',b'-64',b'1',b'2489',b'40',b'600',b'80:e8:6f:d8:09:e8',b'200',b'46',b'755669',"b'Eng1_01F_A17(-80 dBm),Eng1_02F_A04(-85 dBm),Eng1_01F_A21(-83 dBm)'",b'Community-1F-01',b'2',b'80',b'WUNIST_AAA',b'3',b'433',b'30',1575160290.2769718
b'1',b'Unknown',b'802.11ac (5GHz)',b'',"b'38:20:56:7e:1e:90,38:20:56:7e:27:d8,38:20:56:80:26:20'",b'40',b'36',b'tjsdn2560',b'78:f8:82:a4:f9:1d',b'-64',b'1',b'2491',b'40',b'600',b'80:e8:6f:d8:09:e8',b'200',b'46',b'755669',"b'Eng1_01F_A17(-80 dBm),Eng1_02F_A04(-85 dBm),Eng1_01F_A21(-83 dBm)'",b'Community-1F-01',b'2',b'80',b'WUNIST_AAA',b'3',b'433',b'30',1575160292.2894483
b'1',b'Unknown',b'802.11ac (5GHz)',b'',"b'38:20:56:7e:1e:90,38:20:56:7e:27:d8,38:20:56:80:26:20'",b'40',b'36',b'tjsdn2560',b'78:f8:82:a4:f9:1d',b'-63',b'1',b'2493',b'40',b'600',b'80:e8:6f:d8:09:e8',b'200',b'46',b'755973',"b'Eng1_01F_A17(-80 dBm),Eng1_02F_A04(-85 dBm),Eng1_01F_A21(-83 dBm)'",b'Community-1F-01',b'2',b'80',b'WUNIST_AAA',b'3',b'433',b'31',1575160294.3059635
b'1',b'Unknown',b'802.11ac (5GHz)',b'',"b'38:20:56:7e:1e:90,38:20:56:7e:27:d8,38:20:56:80:26:20'",b'40',b'36',b'tjsdn2560',b'78:f8:82:a4:f9:1d',b'-63',b'1',b'2495',b'40',b'600',b'80:e8:6f:d8:09:e8',b'200',b'46',b'755973',"b'Eng1_01F_A17(-80 dBm),Eng1_02F_A04(-85 dBm),Eng1_01F_A21(-83 dBm)'",b'Community-1F-01',b'2',b'80',b'WUNIST_AAA',b'3',b'433',b'31',1575160296.315646
b'1',b'Unknown',b'802.11ac (5GHz)',b'',"b'38:20:56:7e:1e:90,38:20:56:7e:27:d8,38:20:56:80:26:20'",b'40',b'36',b'tjsdn2560',b'78:f8:82:a4:f9:1d',b'-63',b'1',b'2497',b'40',b'600',b'80:e8:6f:d8:09:e8',b'200',b'46',b'755973',"b'Eng1_01F_A17(-80 dBm),Eng1_02F_A04(-85 dBm),Eng1_01F_A21(-83 dBm)'",b'Community-1F-01',b'2',b'80',b'WUNIST_AAA',b'3',b'433',b'31',1575160298.330486
b'1',b'Unknown',b'802.11ac (5GHz)',b'',"b'38:20:56:7e:1e:90,38:20:56:7e:27:d8,38:20:56:80:26:20'",b'40',b'36',b'tjsdn2560',b'78:f8:82:a4:f9:1d',b'-63',b'1',b'2499',b'40',b'600',b'80:e8:6f:d8:09:e8',b'200',b'46',b'755973',"b'Eng1_01F_A17(-80 dBm),Eng1_02F_A04(-85 dBm),Eng1_01F_A21(-83 dBm)'",b'Community-1F-01',b'2',b'80',b'WUNIST_AAA',b'3',b'433',b'31',1575160300.3406227
b'1',b'Unknown',b'802.11ac (5GHz)',b'',"b'38:20:56:7e:1e:90,38:20:56:7e:27:d8,38:20:56:80:26:20'",b'40',b'36',b'tjsdn2560',b'78:f8:82:a4:f9:1d',b'-63',b'1',b'2501',b'40',b'600',b'80:e8:6f:d8:09:e8',b'200',b'46',b'755973',"b'Eng1_01F_A17(-80 dBm),Eng1_02F_A04(-85 dBm),Eng1_01F_A21(-83 dBm)'",b'Community-1F-01',b'2',b'80',b'WUNIST_AAA',b'3',b'433',b'31',1575160302.352907
b'1',b'Unknown',b'802.11ac (5GHz)',b'',"b'38:20:56:7e:1e:90,38:20:56:7e:27:d8,38:20:56:80:26:20'",b'40',b'36',b'tjsdn2560',b'78:f8:82:a4:f9:1d',b'-63',b'1',b'2503',b'40',b'600',b'80:e8:6f:d8:09:e8',b'200',b'46',b'755973',"b'Eng1_01F_A17(-80 dBm),Eng1_02F_A04(-85 dBm),Eng1_01F_A21(-83 dBm)'",b'Community-1F-01',b'2',b'80',b'WUNIST_AAA',b'3',b'433',b'31',1575160304.3668985
b'1',b'Unknown',b'802.11ac (5GHz)',b'',"b'38:20:56:7e:1e:90,38:20:56:7e:27:d8,38:20:56:80:26:20'",b'40',b'36',b'tjsdn2560',b'78:f8:82:a4:f9:1d',b'-63',b'1',b'2505',b'40',b'600',b'80:e8:6f:d8:09:e8',b'200',b'46',b'755973',"b'Eng1_01F_A17(-80 dBm),Eng1_02F_A04(-85 dBm),Eng1_01F_A21(-83 dBm)'",b'Community-1F-01',b'2',b'80',b'WUNIST_AAA',b'3',b'433',b'31',1575160306.3785505
b'1',b'Unknown',b'802.11ac (5GHz)',b'',"b'38:20:56:7e:1e:90,38:20:56:7e:27:d8,38:20:56:80:26:20'",b'40',b'36',b'tjsdn2560',b'78:f8:82:a4:f9:1d',b'-63',b'1',b'2507',b'40',b'600',b'80:e8:6f:d8:09:e8',b'200',b'46',b'755973',"b'Eng1_01F_A17(-80 dBm),Eng1_02F_A04(-85 dBm),Eng1_01F_A21(-83 dBm)'",b'Community-1F-01',b'2',b'80',b'WUNIST_AAA',b'3',b'433',b'31',1575160308.3917658
b'1',b'Unknown',b'802.11ac (5GHz)',b'',"b'38:20:56:7e:1e:90,38:20:56:7e:27:d8,38:20:56:80:26:20'",b'40',b'36',b'tjsdn2560',b'78:f8:82:a4:f9:1d',b'-63',b'1',b'2509',b'40',b'600',b'80:e8:6f:d8:09:e8',b'200',b'46',b'755973',"b'Eng1_01F_A17(-80 dBm),Eng1_02F_A04(-85 dBm),Eng1_01F_A21(-83 dBm)'",b'Community-1F-01',b'2',b'80',b'WUNIST_AAA',b'3',b'433',b'31',1575160310.4034204
b'1',b'Unknown',b'802.11ac (5GHz)',b'',"b'38:20:56:7e:1e:90,38:20:56:7e:27:d8,38:20:56:80:26:20'",b'40',b'36',b'tjsdn2560',b'78:f8:82:a4:f9:1d',b'-63',b'1',b'2511',b'40',b'600',b'80:e8:6f:d8:09:e8',b'200',b'46',b'755973',"b'Eng1_01F_A17(-80 dBm),Eng1_02F_A04(-85 dBm),Eng1_01F_A21(-83 dBm)'",b'Community-1F-01',b'2',b'80',b'WUNIST_AAA',b'3',b'433',b'31',1575160312.4146512
b'1',b'Unknown',b'802.11ac (5GHz)',b'',"b'38:20:56:7e:1e:90,38:20:56:7e:27:d8,38:20:56:80:26:20'",b'40',b'36',b'tjsdn2560',b'78:f8:82:a4:f9:1d',b'-63',b'1',b'2513',b'40',b'600',b'80:e8:6f:d8:09:e8',b'200',b'46',b'755973',"b'Eng1_01F_A17(-80 dBm),Eng1_02F_A04(-85 dBm),Eng1_01F_A21(-83 dBm)'",b'Community-1F-01',b'2',b'80',b'WUNIST_AAA',b'3',b'433',b'31',1575160314.4271514
b'1',b'Unknown',b'802.11ac (5GHz)',b'',"b'38:20:56:7e:1e:90,38:20:56:7e:27:d8,38:20:56:80:26:20'",b'40',b'36',b'tjsdn2560',b'78:f8:82:a4:f9:1d',b'-63',b'1',b'2515',b'40',b'600',b'80:e8:6f:d8:09:e8',b'200',b'46',b'755973',"b'Eng1_01F_A17(-80 dBm),Eng1_02F_A04(-85 dBm),Eng1_01F_A21(-83 dBm)'",b'Community-1F-01',b'2',b'80',b'WUNIST_AAA',b'3',b'433',b'31',1575160316.4421437
b'1',b'Unknown',b'802.11ac (5GHz)',b'',"b'38:20:56:7e:1e:90,38:20:56:7e:27:d8,38:20:56:80:26:20'",b'40',b'36',b'tjsdn2560',b'78:f8:82:a4:f9:1d',b'-63',b'1',b'2517',b'40',b'600',b'80:e8:6f:d8:09:e8',b'200',b'46',b'755973',"b'Eng1_01F_A17(-80 dBm),Eng1_02F_A04(-85 dBm),Eng1_01F_A21(-83 dBm)'",b'Community-1F-01',b'2',b'80',b'WUNIST_AAA',b'3',b'433',b'31',1575160318.4547367
b'1',b'Unknown',b'802.11ac (5GHz)',b'',"b'38:20:56:7e:1e:90,38:20:56:7e:27:d8,38:20:56:80:26:20'",b'40',b'36',b'tjsdn2560',b'78:f8:82:a4:f9:1d',b'-63',b'1',b'2519',b'40',b'600',b'80:e8:6f:d8:09:e8',b'200',b'46',b'755973',"b'Eng1_01F_A17(-80 dBm),Eng1_02F_A04(-85 dBm),Eng1_01F_A21(-83 dBm)'",b'Community-1F-01',b'2',b'80',b'WUNIST_AAA',b'3',b'433',b'31',1575160320.4669495
b'1',b'Unknown',b'802.11ac (5GHz)',b'',"b'38:20:56:7e:1e:90,38:20:56:7e:27:d8,38:20:56:80:26:20'",b'40',b'36',b'tjsdn2560',b'78:f8:82:a4:f9:1d',b'-63',b'1',b'2521',b'40',b'600',b'80:e8:6f:d8:09:e8',b'200',b'46',b'755973',"b'Eng1_01F_A17(-80 dBm),Eng1_02F_A04(-85 dBm),Eng1_01F_A21(-83 dBm)'",b'Community-1F-01',b'2',b'80',b'WUNIST_AAA',b'3',b'433',b'31',1575160322.4778094
b'1',b'Unknown',b'802.11ac (5GHz)',b'',"b'38:20:56:7e:1e:90,38:20:56:7e:27:d8,38:20:56:80:26:20'",b'40',b'36',b'tjsdn2560',b'78:f8:82:a4:f9:1d',b'-63',b'1',b'2523',b'40',b'600',b'80:e8:6f:d8:09:e8',b'200',b'46',b'755973',"b'Eng1_01F_A17(-80 dBm),Eng1_02F_A04(-85 dBm),Eng1_01F_A21(-83 dBm)'",b'Community-1F-01',b'2',b'80',b'WUNIST_AAA',b'3',b'433',b'31',1575160324.4892368
b'1',b'Unknown',b'802.11ac (5GHz)',b'',"b'38:20:56:7e:1e:90,38:20:56:7e:27:d8,38:20:56:80:26:20'",b'40',b'36',b'tjsdn2560',b'78:f8:82:a4:f9:1d',b'-63',b'1',b'2525',b'40',b'600',b'80:e8:6f:d8:09:e8',b'200',b'46',b'755973',"b'Eng1_01F_A17(-80 dBm),Eng1_02F_A04(-85 dBm),Eng1_01F_A21(-83 dBm)'",b'Community-1F-01',b'2',b'80',b'WUNIST_AAA',b'3',b'433',b'31',1575160326.5026152
b'1',b'Unknown',b'802.11ac (5GHz)',b'',"b'38:20:56:7e:1e:90,38:20:56:7e:27:d8,38:20:56:80:26:20'",b'40',b'36',b'tjsdn2560',b'78:f8:82:a4:f9:1d',b'-63',b'1',b'2527',b'40',b'600',b'80:e8:6f:d8:09:e8',b'200',b'46',b'755973',"b'Eng1_01F_A17(-80 dBm),Eng1_02F_A04(-85 dBm),Eng1_01F_A21(-83 dBm)'",b'Community-1F-01',b'2',b'80',b'WUNIST_AAA',b'3',b'433',b'31',1575160328.5148835
b'1',b'Unknown',b'802.11ac (5GHz)',b'',"b'38:20:56:7e:1e:90,38:20:56:7e:27:d8,38:20:56:80:26:20'",b'40',b'36',b'tjsdn2560',b'78:f8:82:a4:f9:1d',b'-63',b'1',b'2529',b'40',b'600',b'80:e8:6f:d8:09:e8',b'200',b'46',b'755973',"b'Eng1_01F_A17(-80 dBm),Eng1_02F_A04(-85 dBm),Eng1_01F_A21(-83 dBm)'",b'Community-1F-01',b'2',b'80',b'WUNIST_AAA',b'3',b'433',b'31',1575160330.5293465
b'1',b'Unknown',b'802.11ac (5GHz)',b'',"b'38:20:56:7e:1e:90,38:20:56:7e:27:d8,38:20:56:80:26:20'",b'40',b'36',b'tjsdn2560',b'78:f8:82:a4:f9:1d',b'-63',b'1',b'2531',b'40',b'600',b'80:e8:6f:d8:09:e8',b'200',b'46',b'755973',"b'Eng1_01F_A17(-80 dBm),Eng1_02F_A04(-85 dBm),Eng1_01F_A21(-83 dBm)'",b'Community-1F-01',b'2',b'80',b'WUNIST_AAA',b'3',b'433',b'31',1575160332.5426958
b'1',b'Unknown',b'802.11ac (5GHz)',b'',"b'38:20:56:7e:1e:90,38:20:56:7e:27:d8,38:20:56:80:26:20'",b'40',b'36',b'tjsdn2560',b'78:f8:82:a4:f9:1d',b'-63',b'1',b'2533',b'40',b'600',b'80:e8:6f:d8:09:e8',b'200',b'46',b'755973',"b'Eng1_01F_A17(-80 dBm),Eng1_02F_A04(-85 dBm),Eng1_01F_A21(-83 dBm)'",b'Community-1F-01',b'2',b'80',b'WUNIST_AAA',b'3',b'433',b'31',1575160334.5562356
b'1',b'Unknown',b'802.11ac (5GHz)',b'',"b'38:20:56:7e:1e:90,38:20:56:7e:27:d8,38:20:56:80:26:20'",b'40',b'36',b'tjsdn2560',b'78:f8:82:a4:f9:1d',b'-63',b'1',b'2535',b'40',b'600',b'80:e8:6f:d8:09:e8',b'200',b'46',b'755973',"b'Eng1_01F_A17(-80 dBm),Eng1_02F_A04(-85 dBm),Eng1_01F_A21(-83 dBm)'",b'Community-1F-01',b'2',b'80',b'WUNIST_AAA',b'3',b'433',b'31',1575160336.5707796
b'1',b'Unknown',b'802.11ac (5GHz)',b'',"b'38:20:56:7e:1e:90,38:20:56:7e:27:d8,38:20:56:80:26:20'",b'40',b'36',b'tjsdn2560',b'78:f8:82:a4:f9:1d',b'-63',b'1',b'2537',b'40',b'600',b'80:e8:6f:d8:09:e8',b'200',b'46',b'755973',"b'Eng1_01F_A17(-80 dBm),Eng1_02F_A04(-85 dBm),Eng1_01F_A21(-83 dBm)'",b'Community-1F-01',b'2',b'80',b'WUNIST_AAA',b'3',b'433',b'31',1575160338.6199884
b'1',b'Unknown',b'802.11ac (5GHz)',b'',"b'38:20:56:7e:1e:90,38:20:56:7e:27:d8,38:20:56:80:26:20'",b'40',b'36',b'tjsdn2560',b'78:f8:82:a4:f9:1d',b'-63',b'1',b'2539',b'40',b'600',b'80:e8:6f:d8:09:e8',b'200',b'46',b'755973',"b'Eng1_01F_A17(-80 dBm),Eng1_02F_A04(-85 dBm),Eng1_01F_A21(-83 dBm)'",b'Community-1F-01',b'2',b'80',b'WUNIST_AAA',b'3',b'433',b'31',1575160340.6318588
b'1',b'Unknown',b'802.11ac (5GHz)',b'',"b'38:20:56:7e:1e:90,38:20:56:7e:27:d8,38:20:56:80:26:20'",b'40',b'36',b'tjsdn2560',b'78:f8:82:a4:f9:1d',b'-63',b'1',b'2541',b'40',b'600',b'80:e8:6f:d8:09:e8',b'200',b'46',b'755973',"b'Eng1_01F_A17(-80 dBm),Eng1_02F_A04(-85 dBm),Eng1_01F_A21(-83 dBm)'",b'Community-1F-01',b'2',b'80',b'WUNIST_AAA',b'3',b'433',b'31',1575160342.6458757
b'1',b'Unknown',b'802.11ac (5GHz)',b'',"b'38:20:56:7e:1e:90,38:20:56:7e:27:d8,38:20:56:80:26:20'",b'40',b'36',b'tjsdn2560',b'78:f8:82:a4:f9:1d',b'-63',b'1',b'2543',b'40',b'600',b'80:e8:6f:d8:09:e8',b'200',b'46',b'755973',"b'Eng1_01F_A17(-80 dBm),Eng1_02F_A04(-85 dBm),Eng1_01F_A21(-83 dBm)'",b'Community-1F-01',b'2',b'80',b'WUNIST_AAA',b'3',b'433',b'31',1575160344.6592891
b'1',b'Unknown',b'802.11ac (5GHz)',b'',"b'38:20:56:7e:1e:90,38:20:56:7e:27:d8,38:20:56:80:26:20'",b'40',b'36',b'tjsdn2560',b'78:f8:82:a4:f9:1d',b'-63',b'1',b'2545',b'40',b'600',b'80:e8:6f:d8:09:e8',b'200',b'46',b'755973',"b'Eng1_01F_A17(-80 dBm),Eng1_02F_A04(-85 dBm),Eng1_01F_A21(-83 dBm)'",b'Community-1F-01',b'2',b'80',b'WUNIST_AAA',b'3',b'433',b'31',1575160346.6741493
b'1',b'Unknown',b'802.11n (2.4GHz)',b'',"b'38:20:56:7e:1e:90,38:20:56:7e:27:d8,38:20:56:80:26:20'",b'20',b'1',b'tjsdn2560',b'78:f8:82:a4:f9:1d',b'-58',b'1',b'0',b'20',b'144',b'38:20:56:80:27:48',b'200',b'21',b'755973',"b'Eng1_01F_A17(-80 dBm),Eng1_02F_A04(-85 dBm),Eng1_01F_A21(-88 dBm)'",b'Eng2_02F_A04',b'2',b'20',b'WUNIST_AAA',b'2',b'72',b'0',1575160348.6864016
b'1',b'Unknown',b'802.11n (2.4GHz)',b'',"b'38:20:56:7e:1e:08,38:20:56:7e:1e:90,38:20:56:7e:27:d8'",b'20',b'1',b'tjsdn2560',b'78:f8:82:a4:f9:1d',b'-58',b'1',b'2',b'20',b'144',b'38:20:56:80:27:48',b'200',b'21',b'755973',"b'Eng2_02F_A03(-82 dBm),Eng1_01F_A17(-80 dBm),Eng1_02F_A04(-85 dBm)'",b'Eng2_02F_A04',b'2',b'20',b'WUNIST_AAA',b'2',b'72',b'0',1575160350.7003608
b'1',b'Unknown',b'802.11n (2.4GHz)',b'',"b'38:20:56:7e:1e:08,38:20:56:7e:1e:90,38:20:56:7e:27:d8'",b'20',b'1',b'tjsdn2560',b'78:f8:82:a4:f9:1d',b'-58',b'1',b'4',b'20',b'144',b'38:20:56:80:27:48',b'200',b'21',b'755973',"b'Eng2_02F_A03(-82 dBm),Eng1_01F_A17(-80 dBm),Eng1_02F_A04(-85 dBm)'",b'Eng2_02F_A04',b'2',b'20',b'WUNIST_AAA',b'2',b'72',b'0',1575160352.7139397
b'1',b'Unknown',b'802.11n (2.4GHz)',b'',"b'38:20:56:7e:1e:08,38:20:56:7e:1e:90,38:20:56:7e:27:d8'",b'20',b'1',b'tjsdn2560',b'78:f8:82:a4:f9:1d',b'-58',b'1',b'6',b'20',b'144',b'38:20:56:80:27:48',b'200',b'21',b'755973',"b'Eng2_02F_A03(-82 dBm),Eng1_01F_A17(-80 dBm),Eng1_02F_A04(-85 dBm)'",b'Eng2_02F_A04',b'2',b'20',b'WUNIST_AAA',b'2',b'72',b'0',1575160354.7265859
b'1',b'Unknown',b'802.11n (2.4GHz)',b'',"b'38:20:56:7e:1e:08,38:20:56:7e:1e:90,38:20:56:7e:27:d8'",b'20',b'1',b'tjsdn2560',b'78:f8:82:a4:f9:1d',b'-58',b'1',b'8',b'20',b'144',b'38:20:56:80:27:48',b'200',b'21',b'755973',"b'Eng2_02F_A03(-82 dBm),Eng1_01F_A17(-80 dBm),Eng1_02F_A04(-85 dBm)'",b'Eng2_02F_A04',b'2',b'20',b'WUNIST_AAA',b'2',b'72',b'0',1575160356.742086
b'1',b'Unknown',b'802.11n (2.4GHz)',b'',"b'38:20:56:7e:1e:08,38:20:56:7e:1e:90,38:20:56:7e:27:d8'",b'20',b'1',b'tjsdn2560',b'78:f8:82:a4:f9:1d',b'-58',b'1',b'10',b'20',b'144',b'38:20:56:80:27:48',b'200',b'21',b'755973',"b'Eng2_02F_A03(-82 dBm),Eng1_01F_A17(-80 dBm),Eng1_02F_A04(-85 dBm)'",b'Eng2_02F_A04',b'2',b'20',b'WUNIST_AAA',b'2',b'72',b'0',1575160358.755797
b'1',b'Unknown',b'802.11n (2.4GHz)',b'',"b'38:20:56:7e:1e:08,38:20:56:7e:1e:90,38:20:56:7e:27:d8'",b'20',b'1',b'tjsdn2560',b'78:f8:82:a4:f9:1d',b'-58',b'1',b'12',b'20',b'144',b'38:20:56:80:27:48',b'200',b'21',b'755973',"b'Eng2_02F_A03(-82 dBm),Eng1_01F_A17(-80 dBm),Eng1_02F_A04(-85 dBm)'",b'Eng2_02F_A04',b'2',b'20',b'WUNIST_AAA',b'2',b'72',b'0',1575160360.7698793
b'1',b'Unknown',b'802.11n (2.4GHz)',b'',"b'38:20:56:7e:1e:08,38:20:56:7e:1e:90,38:20:56:7e:27:d8'",b'20',b'1',b'tjsdn2560',b'78:f8:82:a4:f9:1d',b'-58',b'1',b'14',b'20',b'144',b'38:20:56:80:27:48',b'200',b'21',b'755973',"b'Eng2_02F_A03(-82 dBm),Eng1_01F_A17(-80 dBm),Eng1_02F_A04(-85 dBm)'",b'Eng2_02F_A04',b'2',b'20',b'WUNIST_AAA',b'2',b'72',b'0',1575160362.7834744
b'1',b'Unknown',b'802.11n (2.4GHz)',b'',"b'38:20:56:7e:1e:08,38:20:56:7e:1e:90,38:20:56:7e:27:d8'",b'20',b'1',b'tjsdn2560',b'78:f8:82:a4:f9:1d',b'-58',b'1',b'16',b'20',b'144',b'38:20:56:80:27:48',b'200',b'21',b'755973',"b'Eng2_02F_A03(-82 dBm),Eng1_01F_A17(-80 dBm),Eng1_02F_A04(-85 dBm)'",b'Eng2_02F_A04',b'2',b'20',b'WUNIST_AAA',b'2',b'72',b'0',1575160364.7950284
b'1',b'Unknown',b'802.11n (2.4GHz)',b'',"b'38:20:56:7e:1e:08,38:20:56:7e:1e:90,38:20:56:7e:27:d8'",b'20',b'1',b'tjsdn2560',b'78:f8:82:a4:f9:1d',b'-58',b'1',b'18',b'20',b'144',b'38:20:56:80:27:48',b'200',b'21',b'755973',"b'Eng2_02F_A03(-82 dBm),Eng1_01F_A17(-80 dBm),Eng1_02F_A04(-85 dBm)'",b'Eng2_02F_A04',b'2',b'20',b'WUNIST_AAA',b'2',b'72',b'0',1575160366.8091252
b'1',b'Unknown',b'802.11n (2.4GHz)',b'',"b'38:20:56:7e:1e:08,38:20:56:7e:1e:90,38:20:56:7e:27:d8'",b'20',b'1',b'tjsdn2560',b'78:f8:82:a4:f9:1d',b'-58',b'1',b'20',b'20',b'144',b'38:20:56:80:27:48',b'200',b'21',b'755973',"b'Eng2_02F_A03(-82 dBm),Eng1_01F_A17(-80 dBm),Eng1_02F_A04(-85 dBm)'",b'Eng2_02F_A04',b'2',b'20',b'WUNIST_AAA',b'2',b'72',b'0',1575160368.8217442
b'1',b'Unknown',b'802.11n (2.4GHz)',b'',"b'38:20:56:7e:1e:08,38:20:56:7e:1e:90,38:20:56:7e:27:d8'",b'20',b'1',b'tjsdn2560',b'78:f8:82:a4:f9:1d',b'-58',b'1',b'22',b'20',b'144',b'38:20:56:80:27:48',b'200',b'21',b'755973',"b'Eng2_02F_A03(-82 dBm),Eng1_01F_A17(-80 dBm),Eng1_02F_A04(-85 dBm)'",b'Eng2_02F_A04',b'2',b'20',b'WUNIST_AAA',b'2',b'72',b'0',1575160370.8373508
b'1',b'Unknown',b'802.11n (2.4GHz)',b'',"b'38:20:56:7e:1e:08,38:20:56:7e:1e:90,38:20:56:7e:27:d8'",b'20',b'1',b'tjsdn2560',b'78:f8:82:a4:f9:1d',b'-58',b'1',b'24',b'20',b'144',b'38:20:56:80:27:48',b'200',b'21',b'755973',"b'Eng2_02F_A03(-82 dBm),Eng1_01F_A17(-80 dBm),Eng1_02F_A04(-85 dBm)'",b'Eng2_02F_A04',b'2',b'20',b'WUNIST_AAA',b'2',b'72',b'0',1575160372.8516202
b'1',b'Unknown',b'802.11n (2.4GHz)',b'',"b'38:20:56:7e:1e:08,38:20:56:7e:1e:90,38:20:56:7e:27:d8'",b'20',b'1',b'tjsdn2560',b'78:f8:82:a4:f9:1d',b'-58',b'1',b'26',b'20',b'144',b'38:20:56:80:27:48',b'200',b'21',b'755973',"b'Eng2_02F_A03(-82 dBm),Eng1_01F_A17(-80 dBm),Eng1_02F_A04(-85 dBm)'",b'Eng2_02F_A04',b'2',b'20',b'WUNIST_AAA',b'2',b'72',b'0',1575160374.866089
b'1',b'Unknown',b'802.11n (2.4GHz)',b'',"b'38:20:56:7e:1e:08,38:20:56:7e:1e:90,38:20:56:7e:27:d8'",b'20',b'1',b'tjsdn2560',b'78:f8:82:a4:f9:1d',b'-58',b'1',b'28',b'20',b'144',b'38:20:56:80:27:48',b'200',b'21',b'755973',"b'Eng2_02F_A03(-82 dBm),Eng1_01F_A17(-80 dBm),Eng1_02F_A04(-85 dBm)'",b'Eng2_02F_A04',b'2',b'20',b'WUNIST_AAA',b'2',b'72',b'0',1575160376.8811877
b'1',b'Unknown',b'802.11n (2.4GHz)',b'',"b'38:20:56:7e:1e:08,38:20:56:7e:1e:90,38:20:56:7e:27:d8'",b'20',b'1',b'tjsdn2560',b'78:f8:82:a4:f9:1d',b'-58',b'1',b'30',b'20',b'144',b'38:20:56:80:27:48',b'200',b'21',b'755973',"b'Eng2_02F_A03(-82 dBm),Eng1_01F_A17(-80 dBm),Eng1_02F_A04(-85 dBm)'",b'Eng2_02F_A04',b'2',b'20',b'WUNIST_AAA',b'2',b'72',b'0',1575160378.8912466
b'1',b'Unknown',b'802.11n (2.4GHz)',b'',"b'38:20:56:7e:1e:08,38:20:56:7e:1e:90,38:20:56:7e:27:d8'",b'20',b'1',b'tjsdn2560',b'78:f8:82:a4:f9:1d',b'-58',b'1',b'32',b'20',b'144',b'38:20:56:80:27:48',b'200',b'21',b'755973',"b'Eng2_02F_A03(-82 dBm),Eng1_01F_A17(-80 dBm),Eng1_02F_A04(-85 dBm)'",b'Eng2_02F_A04',b'2',b'20',b'WUNIST_AAA',b'2',b'72',b'0',1575160380.9059107
b'1',b'Unknown',b'802.11n (2.4GHz)',b'',"b'38:20:56:7e:1e:08,38:20:56:7e:1e:90,38:20:56:7e:27:d8'",b'20',b'1',b'tjsdn2560',b'78:f8:82:a4:f9:1d',b'-58',b'1',b'34',b'20',b'144',b'38:20:56:80:27:48',b'200',b'21',b'755973',"b'Eng2_02F_A03(-82 dBm),Eng1_01F_A17(-80 dBm),Eng1_02F_A04(-85 dBm)'",b'Eng2_02F_A04',b'2',b'20',b'WUNIST_AAA',b'2',b'72',b'0',1575160382.921793
b'1',b'Unknown',b'802.11n (2.4GHz)',b'',"b'38:20:56:7e:1e:08,38:20:56:7e:1e:90,38:20:56:7e:27:d8'",b'20',b'1',b'tjsdn2560',b'78:f8:82:a4:f9:1d',b'-58',b'1',b'36',b'20',b'144',b'38:20:56:80:27:48',b'200',b'21',b'755973',"b'Eng2_02F_A03(-82 dBm),Eng1_01F_A17(-80 dBm),Eng1_02F_A04(-85 dBm)'",b'Eng2_02F_A04',b'2',b'20',b'WUNIST_AAA',b'2',b'72',b'0',1575160384.931236
b'1',b'Unknown',b'802.11n (2.4GHz)',b'',"b'38:20:56:7e:1e:08,38:20:56:80:25:18,38:20:56:80:26:20'",b'20',b'1',b'tjsdn2560',b'78:f8:82:a4:f9:1d',b'-52',b'1',b'0',b'20',b'144',b'80:e8:6f:d8:15:08',b'200',b'21',b'755973',"b'Eng2_02F_A03(-82 dBm),Eng1_01F_A22(-85 dBm),Eng1_01F_A21(-86 dBm)'",b'Eng2_04F-04',b'2',b'20',b'WUNIST_AAA',b'2',b'72',b'0',1575160386.9452956
b'1',b'Unknown',b'802.11n (2.4GHz)',b'',"b'38:20:56:7e:1e:08,38:20:56:80:25:18,38:20:56:80:26:20'",b'20',b'1',b'tjsdn2560',b'78:f8:82:a4:f9:1d',b'-52',b'1',b'2',b'20',b'144',b'80:e8:6f:d8:15:08',b'200',b'21',b'755973',"b'Eng2_02F_A03(-82 dBm),Eng1_01F_A22(-85 dBm),Eng1_01F_A21(-86 dBm)'",b'Eng2_04F-04',b'2',b'20',b'WUNIST_AAA',b'2',b'72',b'0',1575160388.9559176
b'1',b'Unknown',b'802.11n (2.4GHz)',b'',"b'38:20:56:7e:1e:08,38:20:56:80:25:18,38:20:56:80:26:20'",b'20',b'1',b'tjsdn2560',b'78:f8:82:a4:f9:1d',b'-52',b'1',b'4',b'20',b'144',b'80:e8:6f:d8:15:08',b'200',b'21',b'755973',"b'Eng2_02F_A03(-82 dBm),Eng1_01F_A22(-85 dBm),Eng1_01F_A21(-86 dBm)'",b'Eng2_04F-04',b'2',b'20',b'WUNIST_AAA',b'2',b'72',b'0',1575160390.969348
b'1',b'Unknown',b'802.11n (2.4GHz)',b'',"b'38:20:56:7e:1e:08,38:20:56:80:25:18,38:20:56:80:26:20'",b'20',b'1',b'tjsdn2560',b'78:f8:82:a4:f9:1d',b'-52',b'1',b'6',b'20',b'144',b'80:e8:6f:d8:15:08',b'200',b'21',b'755973',"b'Eng2_02F_A03(-82 dBm),Eng1_01F_A22(-85 dBm),Eng1_01F_A21(-86 dBm)'",b'Eng2_04F-04',b'2',b'20',b'WUNIST_AAA',b'2',b'72',b'0',1575160392.9820483
b'1',b'Unknown',b'802.11n (2.4GHz)',b'',"b'38:20:56:7e:1e:08,38:20:56:80:25:18,38:20:56:80:26:20'",b'20',b'1',b'tjsdn2560',b'78:f8:82:a4:f9:1d',b'-52',b'1',b'8',b'20',b'144',b'80:e8:6f:d8:15:08',b'200',b'21',b'755973',"b'Eng2_02F_A03(-82 dBm),Eng1_01F_A22(-85 dBm),Eng1_01F_A21(-86 dBm)'",b'Eng2_04F-04',b'2',b'20',b'WUNIST_AAA',b'2',b'72',b'0',1575160394.9960644
b'1',b'Unknown',b'802.11n (2.4GHz)',b'',"b'38:20:56:7e:1e:08,38:20:56:80:25:18,38:20:56:80:26:20'",b'20',b'1',b'tjsdn2560',b'78:f8:82:a4:f9:1d',b'-52',b'1',b'10',b'20',b'144',b'80:e8:6f:d8:15:08',b'200',b'21',b'755973',"b'Eng2_02F_A03(-82 dBm),Eng1_01F_A22(-85 dBm),Eng1_01F_A21(-86 dBm)'",b'Eng2_04F-04',b'2',b'20',b'WUNIST_AAA',b'2',b'72',b'0',1575160397.0113308
b'1',b'Unknown',b'802.11n (2.4GHz)',b'',"b'38:20:56:7e:1e:08,38:20:56:80:25:18,38:20:56:80:26:20'",b'20',b'1',b'tjsdn2560',b'78:f8:82:a4:f9:1d',b'-52',b'1',b'12',b'20',b'144',b'80:e8:6f:d8:15:08',b'200',b'21',b'755973',"b'Eng2_02F_A03(-82 dBm),Eng1_01F_A22(-85 dBm),Eng1_01F_A21(-86 dBm)'",b'Eng2_04F-04',b'2',b'20',b'WUNIST_AAA',b'2',b'72',b'0',1575160399.0227106
b'1',b'Unknown',b'802.11n (2.4GHz)',b'',"b'38:20:56:7e:1e:08,38:20:56:80:25:18,38:20:56:80:27:48'",b'20',b'1',b'tjsdn2560',b'78:f8:82:a4:f9:1d',b'-52',b'1',b'14',b'20',b'144',b'80:e8:6f:d8:15:08',b'200',b'21',b'755973',"b'Eng2_02F_A03(-84 dBm),Eng1_01F_A22(-85 dBm),Eng2_02F_A04(-71 dBm)'",b'Eng2_04F-04',b'2',b'20',b'WUNIST_AAA',b'2',b'72',b'0',1575160401.0370517
b'1',b'Unknown',b'802.11n (2.4GHz)',b'',"b'38:20:56:7e:1e:08,38:20:56:80:27:48,38:20:56:84:51:c0'",b'20',b'1',b'tjsdn2560',b'78:f8:82:a4:f9:1d',b'-52',b'1',b'16',b'20',b'144',b'80:e8:6f:d8:15:08',b'200',b'21',b'755973',"b'Eng2_02F_A03(-84 dBm),Eng2_02F_A04(-71 dBm),Eng2_01F_A01(-73 dBm)'",b'Eng2_04F-04',b'2',b'20',b'WUNIST_AAA',b'2',b'72',b'0',1575160403.0485342
b'1',b'Unknown',b'802.11ac (5GHz)',b'',"b'38:20:56:7e:1e:08,38:20:56:80:27:48,38:20:56:84:51:c0'",b'40',b'149',b'tjsdn2560',b'78:f8:82:a4:f9:1d',b'-71',b'1',b'2',b'40',b'400',b'80:e8:6f:d8:15:08',b'200',b'50',b'755973',"b'Eng2_02F_A03(-84 dBm),Eng2_02F_A04(-74 dBm),Eng2_01F_A01(-73 dBm)'",b'Eng2_04F-04',b'2',b'80',b'WUNIST_AAA',b'2',b'433',b'0',1575160405.0599902
b'1',b'Unknown',b'802.11ac (5GHz)',b'',"b'38:20:56:7e:1e:08,38:20:56:80:27:48,38:20:56:84:51:c0'",b'40',b'149',b'tjsdn2560',b'78:f8:82:a4:f9:1d',b'-71',b'1',b'4',b'40',b'400',b'80:e8:6f:d8:15:08',b'200',b'50',b'755973',"b'Eng2_02F_A03(-84 dBm),Eng2_02F_A04(-74 dBm),Eng2_01F_A01(-73 dBm)'",b'Eng2_04F-04',b'2',b'80',b'WUNIST_AAA',b'2',b'433',b'0',1575160407.0721405
b'1',b'Unknown',b'802.11ac (5GHz)',b'',"b'38:20:56:7e:1e:08,38:20:56:80:27:48,38:20:56:84:51:c0'",b'40',b'149',b'tjsdn2560',b'78:f8:82:a4:f9:1d',b'-71',b'1',b'6',b'40',b'400',b'80:e8:6f:d8:15:08',b'200',b'50',b'755973',"b'Eng2_02F_A03(-84 dBm),Eng2_02F_A04(-70 dBm),Eng2_01F_A01(-73 dBm)'",b'Eng2_04F-04',b'2',b'80',b'WUNIST_AAA',b'2',b'433',b'0',1575160409.0867853
b'1',b'Unknown',b'802.11ac (5GHz)',b'',"b'38:20:56:7e:1e:08,38:20:56:80:27:48,38:20:56:84:51:c0'",b'40',b'149',b'tjsdn2560',b'78:f8:82:a4:f9:1d',b'-71',b'1',b'9',b'40',b'400',b'80:e8:6f:d8:15:08',b'200',b'50',b'755973',"b'Eng2_02F_A03(-84 dBm),Eng2_02F_A04(-70 dBm),Eng2_01F_A01(-73 dBm)'",b'Eng2_04F-04',b'2',b'80',b'WUNIST_AAA',b'2',b'433',b'0',1575160411.098987
b'1',b'Unknown',b'802.11ac (5GHz)',b'',"b'38:20:56:7e:1e:08,38:20:56:80:27:48,38:20:56:84:51:c0'",b'40',b'149',b'tjsdn2560',b'78:f8:82:a4:f9:1d',b'-71',b'1',b'11',b'40',b'400',b'80:e8:6f:d8:15:08',b'200',b'50',b'755973',"b'Eng2_02F_A03(-84 dBm),Eng2_02F_A04(-77 dBm),Eng2_01F_A01(-73 dBm)'",b'Eng2_04F-04',b'2',b'80',b'WUNIST_AAA',b'2',b'433',b'0',1575160413.1139054
b'1',b'Unknown',b'802.11ac (5GHz)',b'',"b'38:20:56:7e:1e:08,38:20:56:80:27:48,38:20:56:84:51:c0'",b'40',b'149',b'tjsdn2560',b'78:f8:82:a4:f9:1d',b'-71',b'1',b'13',b'40',b'400',b'80:e8:6f:d8:15:08',b'200',b'50',b'755973',"b'Eng2_02F_A03(-84 dBm),Eng2_02F_A04(-77 dBm),Eng2_01F_A01(-73 dBm)'",b'Eng2_04F-04',b'2',b'80',b'WUNIST_AAA',b'2',b'433',b'0',1575160415.1257362
b'1',b'Unknown',b'802.11ac (5GHz)',b'',"b'38:20:56:7e:1e:08,38:20:56:80:27:48,38:20:56:84:51:c0'",b'40',b'149',b'tjsdn2560',b'78:f8:82:a4:f9:1d',b'-71',b'1',b'15',b'40',b'400',b'80:e8:6f:d8:15:08',b'200',b'50',b'755973',"b'Eng2_02F_A03(-73 dBm),Eng2_02F_A04(-77 dBm),Eng2_01F_A01(-73 dBm)'",b'Eng2_04F-04',b'2',b'80',b'WUNIST_AAA',b'2',b'433',b'0',1575160417.138294
b'1',b'Unknown',b'802.11ac (5GHz)',b'',"b'38:20:56:7e:1e:08,38:20:56:80:27:48,38:20:56:84:51:c0'",b'40',b'149',b'tjsdn2560',b'78:f8:82:a4:f9:1d',b'-71',b'1',b'17',b'40',b'400',b'80:e8:6f:d8:15:08',b'200',b'50',b'755973',"b'Eng2_02F_A03(-73 dBm),Eng2_02F_A04(-77 dBm),Eng2_01F_A01(-73 dBm)'",b'Eng2_04F-04',b'2',b'80',b'WUNIST_AAA',b'2',b'433',b'0',1575160419.1510973
b'1',b'Unknown',b'802.11ac (5GHz)',b'',"b'38:20:56:7e:1e:08,38:20:56:80:27:48,80:e8:6f:d6:43:b8'",b'40',b'149',b'tjsdn2560',b'78:f8:82:a4:f9:1d',b'-71',b'1',b'19',b'40',b'400',b'80:e8:6f:d8:15:08',b'200',b'50',b'755973',"b'Eng2_02F_A03(-77 dBm),Eng2_02F_A04(-77 dBm),Eng2_03F-05(-65 dBm)'",b'Eng2_04F-04',b'2',b'80',b'WUNIST_AAA',b'2',b'433',b'0',1575160421.1628
b'1',b'Unknown',b'802.11ac (5GHz)',b'',"b'38:20:56:7e:1e:08,38:20:56:80:27:48,80:e8:6f:d6:43:b8'",b'40',b'149',b'tjsdn2560',b'78:f8:82:a4:f9:1d',b'-71',b'1',b'21',b'40',b'400',b'80:e8:6f:d8:15:08',b'200',b'50',b'755973',"b'Eng2_02F_A03(-77 dBm),Eng2_02F_A04(-77 dBm),Eng2_03F-05(-65 dBm)'",b'Eng2_04F-04',b'2',b'80',b'WUNIST_AAA',b'2',b'433',b'0',1575160423.1741526
b'1',b'Unknown',b'802.11ac (5GHz)',b'',"b'38:20:56:7e:1e:08,80:e8:6f:d6:43:b8,80:e8:6f:d6:43:e0'",b'40',b'149',b'tjsdn2560',b'78:f8:82:a4:f9:1d',b'-71',b'1',b'23',b'40',b'400',b'80:e8:6f:d8:15:08',b'200',b'50',b'755973',"b'Eng2_02F_A03(-77 dBm),Eng2_03F-05(-61 dBm),Eng2_03F-04(-82 dBm)'",b'Eng2_04F-04',b'2',b'80',b'WUNIST_AAA',b'2',b'433',b'0',1575160425.18695
b'1',b'Unknown',b'802.11ac (5GHz)',b'',"b'38:20:56:7e:1e:08,80:e8:6f:d6:43:b8,80:e8:6f:d6:43:e0'",b'40',b'149',b'tjsdn2560',b'78:f8:82:a4:f9:1d',b'-71',b'1',b'25',b'40',b'400',b'80:e8:6f:d8:15:08',b'200',b'50',b'755973',"b'Eng2_02F_A03(-77 dBm),Eng2_03F-05(-61 dBm),Eng2_03F-04(-82 dBm)'",b'Eng2_04F-04',b'2',b'80',b'WUNIST_AAA',b'2',b'433',b'0',1575160427.201704
b'1',b'Unknown',b'802.11ac (5GHz)',b'',"b'38:20:56:7e:1e:08,80:e8:6f:d6:02:d8,80:e8:6f:d6:43:b8'",b'40',b'149',b'tjsdn2560',b'78:f8:82:a4:f9:1d',b'-71',b'1',b'27',b'40',b'400',b'80:e8:6f:d8:15:08',b'200',b'50',b'755973',"b'Eng2_02F_A03(-77 dBm),Eng2_06F-06(-78 dBm),Eng2_03F-05(-59 dBm)'",b'Eng2_04F-04',b'2',b'80',b'WUNIST_AAA',b'2',b'433',b'0',1575160429.2165704
b'1',b'Unknown',b'802.11ac (5GHz)',b'',"b'38:20:56:7e:1e:08,80:e8:6f:d6:02:d8,80:e8:6f:d6:43:b8'",b'40',b'149',b'tjsdn2560',b'78:f8:82:a4:f9:1d',b'-71',b'1',b'29',b'40',b'400',b'80:e8:6f:d8:15:08',b'200',b'50',b'755973',"b'Eng2_02F_A03(-77 dBm),Eng2_06F-06(-78 dBm),Eng2_03F-05(-59 dBm)'",b'Eng2_04F-04',b'2',b'80',b'WUNIST_AAA',b'2',b'433',b'0',1575160431.2305634
b'1',b'Unknown',b'802.11ac (5GHz)',b'',"b'38:20:56:7e:1e:08,80:e8:6f:d6:02:d8,80:e8:6f:d6:43:38'",b'40',b'149',b'tjsdn2560',b'78:f8:82:a4:f9:1d',b'-71',b'1',b'31',b'40',b'400',b'80:e8:6f:d8:15:08',b'200',b'50',b'755973',"b'Eng2_02F_A03(-77 dBm),Eng2_06F-06(-76 dBm),Eng2_05F-07(-79 dBm)'",b'Eng2_04F-04',b'2',b'80',b'WUNIST_AAA',b'2',b'433',b'0',1575160433.2448525
b'1',b'Unknown',b'802.11ac (5GHz)',b'',"b'38:20:56:7e:1e:08,80:e8:6f:d6:02:d8,80:e8:6f:d6:43:38'",b'40',b'149',b'tjsdn2560',b'78:f8:82:a4:f9:1d',b'-71',b'1',b'33',b'40',b'400',b'80:e8:6f:d8:15:08',b'200',b'50',b'755973',"b'Eng2_02F_A03(-77 dBm),Eng2_06F-06(-76 dBm),Eng2_05F-07(-79 dBm)'",b'Eng2_04F-04',b'2',b'80',b'WUNIST_AAA',b'2',b'433',b'0',1575160435.2583842
b'1',b'Unknown',b'802.11ac (5GHz)',b'',"b'38:20:56:7e:1e:08,38:20:56:80:54:98,80:e8:6f:d6:02:d8'",b'40',b'149',b'tjsdn2560',b'78:f8:82:a4:f9:1d',b'-71',b'1',b'35',b'40',b'400',b'80:e8:6f:d8:15:08',b'200',b'50',b'755973',"b'Eng2_02F_A03(-77 dBm),Eng2_03F-08(-85 dBm),Eng2_06F-06(-71 dBm)'",b'Eng2_04F-04',b'2',b'80',b'WUNIST_AAA',b'2',b'433',b'0',1575160437.2722678
b'1',b'Unknown',b'802.11ac (5GHz)',b'',"b'38:20:56:7e:1e:08,38:20:56:80:54:98,80:e8:6f:d6:02:d8'",b'40',b'149',b'tjsdn2560',b'78:f8:82:a4:f9:1d',b'-71',b'1',b'37',b'40',b'400',b'80:e8:6f:d8:15:08',b'200',b'50',b'755973',"b'Eng2_02F_A03(-77 dBm),Eng2_03F-08(-85 dBm),Eng2_06F-06(-71 dBm)'",b'Eng2_04F-04',b'2',b'80',b'WUNIST_AAA',b'2',b'433',b'0',1575160439.2830534
b'1',b'Unknown',b'802.11ac (5GHz)',b'',"b'38:20:56:7e:1e:08,38:20:56:80:54:98,80:e8:6f:d6:02:d8'",b'40',b'149',b'tjsdn2560',b'78:f8:82:a4:f9:1d',b'-71',b'1',b'39',b'40',b'400',b'80:e8:6f:d8:15:08',b'200',b'50',b'755973',"b'Eng2_02F_A03(-77 dBm),Eng2_03F-08(-79 dBm),Eng2_06F-06(-71 dBm)'",b'Eng2_04F-04',b'2',b'80',b'WUNIST_AAA',b'2',b'433',b'0',1575160441.2981691
b'1',b'Unknown',b'802.11ac (5GHz)',b'',"b'38:20:56:7e:1e:08,38:20:56:80:54:98,80:e8:6f:d6:02:d8'",b'40',b'149',b'tjsdn2560',b'78:f8:82:a4:f9:1d',b'-71',b'1',b'41',b'40',b'400',b'80:e8:6f:d8:15:08',b'200',b'50',b'755973',"b'Eng2_02F_A03(-77 dBm),Eng2_03F-08(-79 dBm),Eng2_06F-06(-71 dBm)'",b'Eng2_04F-04',b'2',b'80',b'WUNIST_AAA',b'2',b'433',b'0',1575160443.3125
b'1',b'Unknown',b'802.11ac (5GHz)',b'',"b'38:20:56:7e:1e:08,38:20:56:80:54:98,80:e8:6f:d6:02:d8'",b'40',b'149',b'tjsdn2560',b'78:f8:82:a4:f9:1d',b'-71',b'1',b'43',b'40',b'400',b'80:e8:6f:d8:15:08',b'200',b'50',b'755973',"b'Eng2_02F_A03(-77 dBm),Eng2_03F-08(-85 dBm),Eng2_06F-06(-71 dBm)'",b'Eng2_04F-04',b'2',b'80',b'WUNIST_AAA',b'2',b'433',b'0',1575160445.3253071
b'1',b'Unknown',b'802.11ac (5GHz)',b'',"b'38:20:56:7e:1e:08,38:20:56:80:54:98,80:e8:6f:d6:02:d8'",b'40',b'149',b'tjsdn2560',b'78:f8:82:a4:f9:1d',b'-71',b'1',b'45',b'40',b'400',b'80:e8:6f:d8:15:08',b'200',b'50',b'755973',"b'Eng2_02F_A03(-77 dBm),Eng2_03F-08(-85 dBm),Eng2_06F-06(-71 dBm)'",b'Eng2_04F-04',b'2',b'80',b'WUNIST_AAA',b'2',b'433',b'0',1575160447.3671744
b'1',b'Unknown',b'802.11ac (5GHz)',b'',"b'38:20:56:7e:1e:08,38:20:56:80:54:98,80:e8:6f:d6:02:d8'",b'40',b'149',b'tjsdn2560',b'78:f8:82:a4:f9:1d',b'-71',b'1',b'47',b'40',b'400',b'80:e8:6f:d8:15:08',b'200',b'50',b'755973',"b'Eng2_02F_A03(-77 dBm),Eng2_03F-08(-85 dBm),Eng2_06F-06(-91 dBm)'",b'Eng2_04F-04',b'2',b'80',b'WUNIST_AAA',b'2',b'433',b'0',1575160449.3815246
b'1',b'Unknown',b'802.11ac (5GHz)',b'',"b'38:20:56:7e:1e:08,38:20:56:80:54:98,80:e8:6f:d6:02:d8'",b'40',b'149',b'tjsdn2560',b'78:f8:82:a4:f9:1d',b'-71',b'1',b'49',b'40',b'400',b'80:e8:6f:d8:15:08',b'200',b'50',b'755973',"b'Eng2_02F_A03(-77 dBm),Eng2_03F-08(-85 dBm),Eng2_06F-06(-78 dBm)'",b'Eng2_04F-04',b'2',b'80',b'WUNIST_AAA',b'2',b'433',b'0',1575160451.3947318
b'1',b'Unknown',b'802.11ac (5GHz)',b'',"b'38:20:56:7e:1e:08,38:20:56:80:54:98,80:e8:6f:d6:02:d8'",b'40',b'149',b'tjsdn2560',b'78:f8:82:a4:f9:1d',b'-71',b'1',b'51',b'40',b'400',b'80:e8:6f:d8:15:08',b'200',b'50',b'755973',"b'Eng2_02F_A03(-77 dBm),Eng2_03F-08(-85 dBm),Eng2_06F-06(-78 dBm)'",b'Eng2_04F-04',b'2',b'80',b'WUNIST_AAA',b'2',b'433',b'0',1575160453.4084902
b'1',b'Unknown',b'802.11ac (5GHz)',b'',"b'38:20:56:80:54:98,80:e8:6f:d6:02:d8,80:e8:6f:d6:43:38'",b'40',b'149',b'tjsdn2560',b'78:f8:82:a4:f9:1d',b'-71',b'1',b'53',b'40',b'400',b'80:e8:6f:d8:15:08',b'200',b'50',b'755973',"b'Eng2_03F-08(-85 dBm),Eng2_06F-06(-78 dBm),Eng2_05F-07(-79 dBm)'",b'Eng2_04F-04',b'2',b'80',b'WUNIST_AAA',b'2',b'433',b'0',1575160455.4214935
b'1',b'Unknown',b'802.11ac (5GHz)',b'',"b'38:20:56:7e:1e:08,38:20:56:80:54:98,80:e8:6f:d6:02:d8'",b'40',b'149',b'tjsdn2560',b'78:f8:82:a4:f9:1d',b'-71',b'1',b'55',b'40',b'400',b'80:e8:6f:d8:15:08',b'200',b'50',b'755973',"b'Eng2_02F_A03(-91 dBm),Eng2_03F-08(-85 dBm),Eng2_06F-06(-78 dBm)'",b'Eng2_04F-04',b'2',b'80',b'WUNIST_AAA',b'2',b'433',b'0',1575160457.435732
b'1',b'Unknown',b'802.11ac (5GHz)',b'',"b'38:20:56:7e:1e:08,38:20:56:80:54:98,80:e8:6f:d6:02:d8'",b'40',b'149',b'tjsdn2560',b'78:f8:82:a4:f9:1d',b'-71',b'1',b'57',b'40',b'400',b'80:e8:6f:d8:15:08',b'200',b'50',b'755973',"b'Eng2_02F_A03(-91 dBm),Eng2_03F-08(-85 dBm),Eng2_06F-06(-78 dBm)'",b'Eng2_04F-04',b'2',b'80',b'WUNIST_AAA',b'2',b'433',b'0',1575160459.4488535
b'1',b'Unknown',b'802.11ac (5GHz)',b'',"b'38:20:56:7e:1e:08,38:20:56:80:54:98,80:e8:6f:d6:02:d8'",b'40',b'149',b'tjsdn2560',b'78:f8:82:a4:f9:1d',b'-71',b'1',b'59',b'40',b'400',b'80:e8:6f:d8:15:08',b'200',b'50',b'755973',"b'Eng2_02F_A03(-91 dBm),Eng2_03F-08(-85 dBm),Eng2_06F-06(-78 dBm)'",b'Eng2_04F-04',b'2',b'80',b'WUNIST_AAA',b'2',b'433',b'0',1575160461.4627826
b'1',b'Unknown',b'802.11ac (5GHz)',b'',"b'38:20:56:7e:1e:08,38:20:56:80:54:98,80:e8:6f:d6:02:d8'",b'40',b'149',b'tjsdn2560',b'78:f8:82:a4:f9:1d',b'-71',b'1',b'61',b'40',b'400',b'80:e8:6f:d8:15:08',b'200',b'50',b'755973',"b'Eng2_02F_A03(-91 dBm),Eng2_03F-08(-85 dBm),Eng2_06F-06(-78 dBm)'",b'Eng2_04F-04',b'2',b'80',b'WUNIST_AAA',b'2',b'433',b'0',1575160463.4765675
b'1',b'Unknown',b'802.11ac (5GHz)',b'',"b'38:20:56:7e:1e:08,38:20:56:80:54:98,80:e8:6f:d6:02:d8'",b'40',b'149',b'tjsdn2560',b'78:f8:82:a4:f9:1d',b'-71',b'1',b'63',b'40',b'400',b'80:e8:6f:d8:15:08',b'200',b'50',b'755973',"b'Eng2_02F_A03(-91 dBm),Eng2_03F-08(-85 dBm),Eng2_06F-06(-78 dBm)'",b'Eng2_04F-04',b'2',b'80',b'WUNIST_AAA',b'2',b'433',b'0',1575160465.4917238
b'1',b'Unknown',b'802.11ac (5GHz)',b'',"b'38:20:56:7e:1e:08,80:e8:6f:d6:02:d8,80:e8:6f:d6:43:38'",b'40',b'149',b'tjsdn2560',b'78:f8:82:a4:f9:1d',b'-71',b'1',b'65',b'40',b'400',b'80:e8:6f:d8:15:08',b'200',b'50',b'755973',"b'Eng2_02F_A03(-91 dBm),Eng2_06F-06(-78 dBm),Eng2_05F-07(-79 dBm)'",b'Eng2_04F-04',b'2',b'80',b'WUNIST_AAA',b'2',b'433',b'0',1575160467.507281
b'1',b'Unknown',b'802.11ac (5GHz)',b'',"b'38:20:56:7e:1e:08,38:20:56:80:26:20,80:e8:6f:d6:02:d8'",b'40',b'149',b'tjsdn2560',b'78:f8:82:a4:f9:1d',b'-71',b'1',b'67',b'40',b'400',b'80:e8:6f:d8:15:08',b'200',b'50',b'755973',"b'Eng2_02F_A03(-91 dBm),Eng1_01F_A21(-89 dBm),Eng2_06F-06(-78 dBm)'",b'Eng2_04F-04',b'2',b'80',b'WUNIST_AAA',b'2',b'433',b'0',1575160469.5206237
b'1',b'Unknown',b'802.11ac (5GHz)',b'',"b'38:20:56:7e:1e:08,38:20:56:80:26:20,80:e8:6f:d6:02:d8'",b'40',b'149',b'tjsdn2560',b'78:f8:82:a4:f9:1d',b'-71',b'1',b'69',b'40',b'400',b'80:e8:6f:d8:15:08',b'200',b'50',b'755973',"b'Eng2_02F_A03(-91 dBm),Eng1_01F_A21(-89 dBm),Eng2_06F-06(-78 dBm)'",b'Eng2_04F-04',b'2',b'80',b'WUNIST_AAA',b'2',b'433',b'0',1575160471.5341995
b'1',b'Unknown',b'802.11ac (5GHz)',b'',"b'38:20:56:7e:1e:08,38:20:56:80:26:20,80:e8:6f:d6:02:d8'",b'40',b'149',b'tjsdn2560',b'78:f8:82:a4:f9:1d',b'-71',b'1',b'71',b'40',b'400',b'80:e8:6f:d8:15:08',b'200',b'50',b'755973',"b'Eng2_02F_A03(-91 dBm),Eng1_01F_A21(-90 dBm),Eng2_06F-06(-78 dBm)'",b'Eng2_04F-04',b'2',b'80',b'WUNIST_AAA',b'2',b'433',b'0',1575160473.548766
b'1',b'Unknown',b'802.11ac (5GHz)',b'',"b'38:20:56:7e:1e:08,38:20:56:80:26:20,80:e8:6f:d6:43:b8'",b'40',b'149',b'tjsdn2560',b'78:f8:82:a4:f9:1d',b'-71',b'1',b'73',b'40',b'400',b'80:e8:6f:d8:15:08',b'200',b'50',b'755973',"b'Eng2_02F_A03(-91 dBm),Eng1_01F_A21(-90 dBm),Eng2_03F-05(-84 dBm)'",b'Eng2_04F-04',b'2',b'80',b'WUNIST_AAA',b'2',b'433',b'0',1575160475.5623856
b'1',b'Unknown',b'802.11ac (5GHz)',b'',"b'38:20:56:80:26:20,80:e8:6f:d6:43:b8,80:e8:6f:d6:43:c8'",b'40',b'149',b'tjsdn2560',b'78:f8:82:a4:f9:1d',b'-71',b'1',b'75',b'40',b'400',b'80:e8:6f:d8:15:08',b'200',b'50',b'755973',"b'Eng1_01F_A21(-90 dBm),Eng2_03F-05(-84 dBm),Eng2_06F-04(-79 dBm)'",b'Eng2_04F-04',b'2',b'80',b'WUNIST_AAA',b'2',b'433',b'0',1575160477.5768902
b'1',b'Unknown',b'802.11ac (5GHz)',b'',"b'38:20:56:80:26:20,80:e8:6f:d6:43:b8,80:e8:6f:d6:43:c8'",b'40',b'149',b'tjsdn2560',b'78:f8:82:a4:f9:1d',b'-81',b'1',b'77',b'40',b'400',b'80:e8:6f:d8:15:08',b'0',b'0',b'811220',"b'Eng1_01F_A21(-90 dBm),Eng2_03F-05(-84 dBm),Eng2_06F-04(-79 dBm)'",b'Eng2_04F-04',b'1',b'80',b'WUNIST_AAA',b'2',b'433',b'12',1575160479.5894704
b'1',b'Unknown',b'802.11ac (5GHz)',b'',"b'38:20:56:80:26:20,80:e8:6f:d6:43:b8,80:e8:6f:d6:43:c8'",b'40',b'149',b'tjsdn2560',b'78:f8:82:a4:f9:1d',b'-81',b'1',b'79',b'40',b'400',b'80:e8:6f:d8:15:08',b'0',b'0',b'811220',"b'Eng1_01F_A21(-90 dBm),Eng2_03F-05(-84 dBm),Eng2_06F-04(-79 dBm)'",b'Eng2_04F-04',b'1',b'80',b'WUNIST_AAA',b'2',b'433',b'12',1575160481.603853
b'1',b'Unknown',b'802.11ac (5GHz)',b'',"b'38:20:56:80:26:20,80:e8:6f:d6:43:b8,80:e8:6f:d6:43:c8'",b'40',b'149',b'tjsdn2560',b'78:f8:82:a4:f9:1d',b'-81',b'1',b'81',b'40',b'400',b'80:e8:6f:d8:15:08',b'0',b'0',b'811220',"b'Eng1_01F_A21(-90 dBm),Eng2_03F-05(-84 dBm),Eng2_06F-04(-79 dBm)'",b'Eng2_04F-04',b'1',b'80',b'WUNIST_AAA',b'2',b'433',b'12',1575160483.6178539
b'1',b'Unknown',b'802.11ac (5GHz)',b'',"b'38:20:56:80:26:20,80:e8:6f:d6:43:b8,80:e8:6f:d6:46:f8'",b'40',b'149',b'tjsdn2560',b'78:f8:82:a4:f9:1d',b'-81',b'1',b'83',b'40',b'400',b'80:e8:6f:d8:15:08',b'0',b'0',b'811220',"b'Eng1_01F_A21(-90 dBm),Eng2_03F-05(-84 dBm),Eng2_06F-02(-84 dBm)'",b'Eng2_04F-04',b'1',b'80',b'WUNIST_AAA',b'2',b'433',b'12',1575160485.6317053
b'1',b'Unknown',b'802.11ac (5GHz)',b'',"b'38:20:56:80:26:20,80:e8:6f:d6:46:f8,80:e8:6f:d6:48:08'",b'40',b'149',b'tjsdn2560',b'78:f8:82:a4:f9:1d',b'-81',b'1',b'85',b'40',b'400',b'80:e8:6f:d8:15:08',b'0',b'0',b'811220',"b'Eng1_01F_A21(-90 dBm),Eng2_06F-02(-84 dBm),Eng2_03F-02(-79 dBm)'",b'Eng2_04F-04',b'1',b'80',b'WUNIST_AAA',b'2',b'433',b'12',1575160487.64526
b'1',b'Unknown',b'802.11ac (5GHz)',b'',"b'80:e8:6f:d6:44:00,80:e8:6f:d6:46:f8,80:e8:6f:d6:48:08'",b'40',b'149',b'tjsdn2560',b'78:f8:82:a4:f9:1d',b'-81',b'1',b'87',b'40',b'400',b'80:e8:6f:d8:15:08',b'0',b'0',b'811220',"b'Eng2_04F-05(-85 dBm),Eng2_06F-02(-84 dBm),Eng2_03F-02(-68 dBm)'",b'Eng2_04F-04',b'1',b'80',b'WUNIST_AAA',b'2',b'433',b'12',1575160489.6588936
b'1',b'Unknown',b'802.11ac (5GHz)',b'',"b'80:e8:6f:d6:44:00,80:e8:6f:d6:46:f8,80:e8:6f:d6:48:08'",b'40',b'149',b'tjsdn2560',b'78:f8:82:a4:f9:1d',b'-81',b'1',b'89',b'40',b'400',b'80:e8:6f:d8:15:08',b'0',b'0',b'811220',"b'Eng2_04F-05(-85 dBm),Eng2_06F-02(-84 dBm),Eng2_03F-02(-68 dBm)'",b'Eng2_04F-04',b'1',b'80',b'WUNIST_AAA',b'2',b'433',b'12',1575160491.6735344
b'1',b'Unknown',b'802.11ac (5GHz)',b'',"b'80:e8:6f:d6:43:e0,80:e8:6f:d6:44:00,80:e8:6f:d6:48:08'",b'40',b'149',b'tjsdn2560',b'78:f8:82:a4:f9:1d',b'-81',b'1',b'91',b'40',b'400',b'80:e8:6f:d8:15:08',b'0',b'0',b'811220',"b'Eng2_03F-04(-85 dBm),Eng2_04F-05(-85 dBm),Eng2_03F-02(-68 dBm)'",b'Eng2_04F-04',b'1',b'80',b'WUNIST_AAA',b'2',b'433',b'12',1575160493.685483
b'1',b'Unknown',b'802.11ac (5GHz)',b'',"b'80:e8:6f:d6:43:e0,80:e8:6f:d6:44:00,80:e8:6f:d6:48:08'",b'40',b'149',b'tjsdn2560',b'78:f8:82:a4:f9:1d',b'-81',b'1',b'93',b'40',b'400',b'80:e8:6f:d8:15:08',b'0',b'0',b'811220',"b'Eng2_03F-04(-85 dBm),Eng2_04F-05(-85 dBm),Eng2_03F-02(-68 dBm)'",b'Eng2_04F-04',b'1',b'80',b'WUNIST_AAA',b'2',b'433',b'12',1575160495.6980534
b'1',b'Unknown',b'802.11ac (5GHz)',b'',"b'80:e8:6f:d6:43:e0,80:e8:6f:d6:44:00,80:e8:6f:d6:48:08'",b'40',b'149',b'tjsdn2560',b'78:f8:82:a4:f9:1d',b'-81',b'1',b'95',b'40',b'400',b'80:e8:6f:d8:15:08',b'0',b'0',b'811220',"b'Eng2_03F-04(-85 dBm),Eng2_04F-05(-85 dBm),Eng2_03F-02(-63 dBm)'",b'Eng2_04F-04',b'1',b'80',b'WUNIST_AAA',b'2',b'433',b'12',1575160497.7117808
b'1',b'Unknown',b'802.11ac (5GHz)',b'',"b'80:e8:6f:d6:43:e0,80:e8:6f:d6:44:00,80:e8:6f:d6:48:08'",b'40',b'149',b'tjsdn2560',b'78:f8:82:a4:f9:1d',b'-81',b'1',b'97',b'40',b'400',b'80:e8:6f:d8:15:08',b'0',b'0',b'811220',"b'Eng2_03F-04(-85 dBm),Eng2_04F-05(-85 dBm),Eng2_03F-02(-63 dBm)'",b'Eng2_04F-04',b'1',b'80',b'WUNIST_AAA',b'2',b'433',b'12',1575160499.7223456
b'1',b'Unknown',b'802.11ac (5GHz)',b'',"b'80:e8:6f:d6:43:e0,80:e8:6f:d6:44:00,80:e8:6f:d6:48:08'",b'40',b'149',b'tjsdn2560',b'78:f8:82:a4:f9:1d',b'-81',b'1',b'99',b'40',b'400',b'80:e8:6f:d8:15:08',b'0',b'0',b'811220',"b'Eng2_03F-04(-85 dBm),Eng2_04F-05(-77 dBm),Eng2_03F-02(-63 dBm)'",b'Eng2_04F-04',b'1',b'80',b'WUNIST_AAA',b'2',b'433',b'12',1575160501.7375057
b'1',b'Unknown',b'802.11ac (5GHz)',b'',"b'80:e8:6f:d6:43:e0,80:e8:6f:d6:44:00,80:e8:6f:d6:48:08'",b'40',b'149',b'tjsdn2560',b'78:f8:82:a4:f9:1d',b'-81',b'1',b'101',b'40',b'400',b'80:e8:6f:d8:15:08',b'0',b'0',b'811220',"b'Eng2_03F-04(-85 dBm),Eng2_04F-05(-77 dBm),Eng2_03F-02(-63 dBm)'",b'Eng2_04F-04',b'1',b'80',b'WUNIST_AAA',b'2',b'433',b'12',1575160503.750919
b'1',b'Unknown',b'802.11ac (5GHz)',b'',"b'00:6b:f1:95:00:70,80:e8:6f:d6:43:e0,80:e8:6f:d6:44:00'",b'40',b'149',b'tjsdn2560',b'78:f8:82:a4:f9:1d',b'-81',b'1',b'103',b'40',b'400',b'80:e8:6f:d8:15:08',b'0',b'0',b'811220',"b'Out_AP13(-94 dBm),Eng2_03F-04(-85 dBm),Eng2_04F-05(-80 dBm)'",b'Eng2_04F-04',b'1',b'80',b'WUNIST_AAA',b'2',b'433',b'12',1575160505.8099039
b'1',b'Unknown',b'802.11ac (5GHz)',b'',"b'00:6b:f1:95:00:70,80:e8:6f:d6:43:e0,80:e8:6f:d6:44:00'",b'40',b'149',b'tjsdn2560',b'78:f8:82:a4:f9:1d',b'-81',b'1',b'105',b'40',b'400',b'80:e8:6f:d8:15:08',b'0',b'0',b'811220',"b'Out_AP13(-94 dBm),Eng2_03F-04(-85 dBm),Eng2_04F-05(-80 dBm)'",b'Eng2_04F-04',b'1',b'80',b'WUNIST_AAA',b'2',b'433',b'12',1575160507.8241172
b'1',b'Unknown',b'802.11ac (5GHz)',b'',"b'00:6b:f1:95:00:70,38:ed:18:ca:2a:e0,80:e8:6f:d6:43:e0'",b'40',b'149',b'tjsdn2560',b'78:f8:82:a4:f9:1d',b'-81',b'1',b'107',b'40',b'400',b'80:e8:6f:d8:15:08',b'0',b'0',b'811220',"b'Out_AP13(-94 dBm),108-1F-06(-87 dBm),Eng2_03F-04(-76 dBm)'",b'Eng2_04F-04',b'1',b'80',b'WUNIST_AAA',b'2',b'433',b'12',1575160509.8374867
b'1',b'Unknown',b'802.11ac (5GHz)',b'',"b'00:6b:f1:95:00:70,38:ed:18:ca:2a:e0,80:e8:6f:d6:43:e0'",b'40',b'149',b'tjsdn2560',b'78:f8:82:a4:f9:1d',b'-81',b'1',b'109',b'40',b'400',b'80:e8:6f:d8:15:08',b'0',b'0',b'811220',"b'Out_AP13(-94 dBm),108-1F-06(-87 dBm),Eng2_03F-04(-76 dBm)'",b'Eng2_04F-04',b'1',b'80',b'WUNIST_AAA',b'2',b'433',b'12',1575160511.8493652
b'1',b'Unknown',b'802.11ac (5GHz)',b'',"b'00:6b:f1:94:fe:00,00:6b:f1:95:00:70,38:ed:18:ca:2a:e0'",b'40',b'108',b'tjsdn2560',b'78:f8:82:a4:f9:1d',b'-47',b'1',b'0',b'40',b'400',b'80:e8:6f:d6:48:b0',b'0',b'0',b'811220',"b'Out_AP18(-92 dBm),Out_AP13(-84 dBm),108-1F-06(-87 dBm)'",b'Eng2_04F-01',b'1',b'80',b'WUNIST_AAA',b'2',b'433',b'0',1575160513.8627458
b'1',b'Unknown',b'802.11ac (5GHz)',b'',"b'00:6b:f1:94:fe:00,00:6b:f1:95:00:70,38:ed:18:ca:2a:e0'",b'40',b'108',b'tjsdn2560',b'78:f8:82:a4:f9:1d',b'-47',b'1',b'2',b'40',b'400',b'80:e8:6f:d6:48:b0',b'0',b'0',b'811220',"b'Out_AP18(-92 dBm),Out_AP13(-84 dBm),108-1F-06(-87 dBm)'",b'Eng2_04F-01',b'1',b'80',b'WUNIST_AAA',b'2',b'433',b'0',1575160515.8756354
b'1',b'Unknown',b'802.11ac (5GHz)',b'',"b'00:6b:f1:94:fe:00,00:6b:f1:95:00:70,38:ed:18:ca:2a:e0'",b'40',b'108',b'tjsdn2560',b'78:f8:82:a4:f9:1d',b'-47',b'1',b'4',b'40',b'400',b'80:e8:6f:d6:48:b0',b'0',b'0',b'811220',"b'Out_AP18(-92 dBm),Out_AP13(-84 dBm),108-1F-06(-87 dBm)'",b'Eng2_04F-01',b'1',b'80',b'WUNIST_AAA',b'2',b'433',b'0',1575160517.890155
b'1',b'Unknown',b'802.11ac (5GHz)',b'',"b'00:6b:f1:94:fe:00,00:6b:f1:95:00:70,38:ed:18:ca:2a:e0'",b'40',b'108',b'tjsdn2560',b'78:f8:82:a4:f9:1d',b'-47',b'1',b'6',b'40',b'400',b'80:e8:6f:d6:48:b0',b'0',b'0',b'811220',"b'Out_AP18(-92 dBm),Out_AP13(-84 dBm),108-1F-06(-87 dBm)'",b'Eng2_04F-01',b'1',b'80',b'WUNIST_AAA',b'2',b'433',b'0',1575160519.902784
b'1',b'Unknown',b'802.11ac (5GHz)',b'',"b'00:6b:f1:94:fe:00,00:6b:f1:95:00:70,38:ed:18:ca:2a:e0'",b'40',b'108',b'tjsdn2560',b'78:f8:82:a4:f9:1d',b'-47',b'1',b'8',b'40',b'400',b'80:e8:6f:d6:48:b0',b'0',b'0',b'811220',"b'Out_AP18(-92 dBm),Out_AP13(-84 dBm),108-1F-06(-87 dBm)'",b'Eng2_04F-01',b'1',b'80',b'WUNIST_AAA',b'2',b'433',b'0',1575160521.9184587
b'1',b'Unknown',b'802.11ac (5GHz)',b'',"b'00:6b:f1:94:fe:00,00:6b:f1:95:00:70,38:ed:18:ca:2a:e0'",b'40',b'108',b'tjsdn2560',b'78:f8:82:a4:f9:1d',b'-47',b'1',b'10',b'40',b'400',b'80:e8:6f:d6:48:b0',b'0',b'0',b'811220',"b'Out_AP18(-92 dBm),Out_AP13(-84 dBm),108-1F-06(-87 dBm)'",b'Eng2_04F-01',b'1',b'80',b'WUNIST_AAA',b'2',b'433',b'0',1575160523.9318926
b'1',b'Unknown',b'802.11ac (5GHz)',b'',"b'00:6b:f1:94:fe:00,00:6b:f1:95:00:70,38:ed:18:ca:2a:e0'",b'40',b'108',b'tjsdn2560',b'78:f8:82:a4:f9:1d',b'-47',b'1',b'12',b'40',b'400',b'80:e8:6f:d6:48:b0',b'0',b'0',b'811220',"b'Out_AP18(-92 dBm),Out_AP13(-84 dBm),108-1F-06(-87 dBm)'",b'Eng2_04F-01',b'1',b'80',b'WUNIST_AAA',b'2',b'433',b'0',1575160525.9456878
b'1',b'Unknown',b'802.11ac (5GHz)',b'',"b'00:6b:f1:94:fe:00,00:6b:f1:95:00:70,38:ed:18:ca:2a:e0'",b'40',b'108',b'tjsdn2560',b'78:f8:82:a4:f9:1d',b'-47',b'1',b'14',b'40',b'400',b'80:e8:6f:d6:48:b0',b'0',b'0',b'811220',"b'Out_AP18(-92 dBm),Out_AP13(-84 dBm),108-1F-06(-87 dBm)'",b'Eng2_04F-01',b'1',b'80',b'WUNIST_AAA',b'2',b'433',b'0',1575160527.9590154
b'1',b'Unknown',b'802.11ac (5GHz)',b'',"b'00:6b:f1:94:fe:00,00:6b:f1:95:00:70,38:ed:18:ca:2a:e0'",b'40',b'108',b'tjsdn2560',b'78:f8:82:a4:f9:1d',b'-47',b'1',b'16',b'40',b'400',b'80:e8:6f:d6:48:b0',b'0',b'0',b'811220',"b'Out_AP18(-92 dBm),Out_AP13(-84 dBm),108-1F-06(-87 dBm)'",b'Eng2_04F-01',b'1',b'80',b'WUNIST_AAA',b'2',b'433',b'0',1575160529.9728975
b'1',b'Unknown',b'802.11ac (5GHz)',b'',"b'00:6b:f1:94:fe:00,00:6b:f1:95:00:70,38:ed:18:ca:2a:e0'",b'40',b'108',b'tjsdn2560',b'78:f8:82:a4:f9:1d',b'-47',b'1',b'18',b'40',b'400',b'80:e8:6f:d6:48:b0',b'0',b'0',b'811220',"b'Out_AP18(-92 dBm),Out_AP13(-84 dBm),108-1F-06(-87 dBm)'",b'Eng2_04F-01',b'1',b'80',b'WUNIST_AAA',b'2',b'433',b'0',1575160531.9886177
b'1',b'Unknown',b'802.11ac (5GHz)',b'',"b'00:6b:f1:94:fe:00,00:6b:f1:95:00:70,38:ed:18:ca:2a:e0'",b'40',b'108',b'tjsdn2560',b'78:f8:82:a4:f9:1d',b'-67',b'1',b'20',b'40',b'400',b'80:e8:6f:d6:48:b0',b'60',b'15',b'910452',"b'Out_AP18(-92 dBm),Out_AP13(-84 dBm),108-1F-06(-87 dBm)'",b'Eng2_04F-01',b'1',b'80',b'WUNIST_AAA',b'2',b'433',b'26',1575160534.0036483
b'1',b'Unknown',b'802.11ac (5GHz)',b'',"b'00:6b:f1:94:fe:00,00:6b:f1:95:00:70,38:ed:18:ca:2a:e0'",b'40',b'108',b'tjsdn2560',b'78:f8:82:a4:f9:1d',b'-67',b'1',b'22',b'40',b'400',b'80:e8:6f:d6:48:b0',b'60',b'15',b'910452',"b'Out_AP18(-92 dBm),Out_AP13(-84 dBm),108-1F-06(-87 dBm)'",b'Eng2_04F-01',b'1',b'80',b'WUNIST_AAA',b'2',b'433',b'26',1575160536.0176332
b'1',b'Unknown',b'802.11ac (5GHz)',b'',"b'00:6b:f1:94:fe:00,00:6b:f1:95:00:70,38:ed:18:ca:2a:e0'",b'40',b'108',b'tjsdn2560',b'78:f8:82:a4:f9:1d',b'-67',b'1',b'24',b'40',b'400',b'80:e8:6f:d6:48:b0',b'60',b'15',b'910452',"b'Out_AP18(-92 dBm),Out_AP13(-84 dBm),108-1F-06(-87 dBm)'",b'Eng2_04F-01',b'1',b'80',b'WUNIST_AAA',b'2',b'433',b'26',1575160538.0318434
b'1',b'Unknown',b'802.11ac (5GHz)',b'',"b'00:6b:f1:94:fe:00,00:6b:f1:95:00:70,38:ed:18:ca:2a:e0'",b'40',b'108',b'tjsdn2560',b'78:f8:82:a4:f9:1d',b'-67',b'1',b'26',b'40',b'400',b'80:e8:6f:d6:48:b0',b'60',b'15',b'910452',"b'Out_AP18(-92 dBm),Out_AP13(-84 dBm),108-1F-06(-87 dBm)'",b'Eng2_04F-01',b'1',b'80',b'WUNIST_AAA',b'2',b'433',b'26',1575160540.046746
b'1',b'Unknown',b'802.11ac (5GHz)',b'',"b'00:6b:f1:94:fe:00,00:6b:f1:95:00:70,38:ed:18:ca:2a:e0'",b'40',b'108',b'tjsdn2560',b'78:f8:82:a4:f9:1d',b'-67',b'1',b'28',b'40',b'400',b'80:e8:6f:d6:48:b0',b'60',b'15',b'910452',"b'Out_AP18(-92 dBm),Out_AP13(-84 dBm),108-1F-06(-87 dBm)'",b'Eng2_04F-01',b'1',b'80',b'WUNIST_AAA',b'2',b'433',b'26',1575160542.061276
b'1',b'Unknown',b'802.11ac (5GHz)',b'',"b'00:6b:f1:94:fe:00,00:6b:f1:95:00:70,38:ed:18:ca:2a:e0'",b'40',b'108',b'tjsdn2560',b'78:f8:82:a4:f9:1d',b'-67',b'1',b'30',b'40',b'400',b'80:e8:6f:d6:48:b0',b'60',b'15',b'910452',"b'Out_AP18(-92 dBm),Out_AP13(-84 dBm),108-1F-06(-87 dBm)'",b'Eng2_04F-01',b'1',b'80',b'WUNIST_AAA',b'2',b'433',b'26',1575160544.0746446
b'1',b'Unknown',b'802.11ac (5GHz)',b'',"b'00:6b:f1:94:fe:00,00:6b:f1:95:00:70,38:ed:18:ca:2a:e0'",b'40',b'108',b'tjsdn2560',b'78:f8:82:a4:f9:1d',b'-67',b'1',b'33',b'40',b'400',b'80:e8:6f:d6:48:b0',b'60',b'15',b'910452',"b'Out_AP18(-92 dBm),Out_AP13(-84 dBm),108-1F-06(-87 dBm)'",b'Eng2_04F-01',b'1',b'80',b'WUNIST_AAA',b'2',b'433',b'26',1575160546.0884364
b'1',b'Unknown',b'802.11ac (5GHz)',b'',"b'00:6b:f1:94:fe:00,00:6b:f1:95:00:70,38:ed:18:ca:2a:e0'",b'40',b'108',b'tjsdn2560',b'78:f8:82:a4:f9:1d',b'-67',b'1',b'35',b'40',b'400',b'80:e8:6f:d6:48:b0',b'60',b'15',b'910452',"b'Out_AP18(-92 dBm),Out_AP13(-84 dBm),108-1F-06(-87 dBm)'",b'Eng2_04F-01',b'1',b'80',b'WUNIST_AAA',b'2',b'433',b'26',1575160548.1004453
b'1',b'Unknown',b'802.11ac (5GHz)',b'',"b'00:6b:f1:94:fe:00,00:6b:f1:95:00:70,38:ed:18:ca:2a:e0'",b'40',b'108',b'tjsdn2560',b'78:f8:82:a4:f9:1d',b'-67',b'1',b'37',b'40',b'400',b'80:e8:6f:d6:48:b0',b'60',b'15',b'910452',"b'Out_AP18(-92 dBm),Out_AP13(-84 dBm),108-1F-06(-87 dBm)'",b'Eng2_04F-01',b'1',b'80',b'WUNIST_AAA',b'2',b'433',b'26',1575160550.1128533
b'1',b'Unknown',b'802.11ac (5GHz)',b'',"b'00:6b:f1:94:fe:00,00:6b:f1:95:00:70,38:ed:18:ca:2a:e0'",b'40',b'108',b'tjsdn2560',b'78:f8:82:a4:f9:1d',b'-67',b'1',b'39',b'40',b'400',b'80:e8:6f:d6:48:b0',b'60',b'15',b'910452',"b'Out_AP18(-92 dBm),Out_AP13(-84 dBm),108-1F-06(-87 dBm)'",b'Eng2_04F-01',b'1',b'80',b'WUNIST_AAA',b'2',b'433',b'26',1575160552.1252599
b'1',b'Unknown',b'802.11ac (5GHz)',b'',"b'00:6b:f1:94:fe:00,00:6b:f1:95:00:70,38:ed:18:ca:2a:e0'",b'40',b'108',b'tjsdn2560',b'78:f8:82:a4:f9:1d',b'-67',b'1',b'41',b'40',b'400',b'80:e8:6f:d6:48:b0',b'60',b'15',b'910452',"b'Out_AP18(-92 dBm),Out_AP13(-84 dBm),108-1F-06(-87 dBm)'",b'Eng2_04F-01',b'1',b'80',b'WUNIST_AAA',b'2',b'433',b'26',1575160554.1385093
b'1',b'Unknown',b'802.11ac (5GHz)',b'',"b'00:6b:f1:94:fe:00,00:6b:f1:95:00:70,38:ed:18:ca:2a:e0'",b'40',b'108',b'tjsdn2560',b'78:f8:82:a4:f9:1d',b'-67',b'1',b'43',b'40',b'400',b'80:e8:6f:d6:48:b0',b'60',b'15',b'910452',"b'Out_AP18(-92 dBm),Out_AP13(-84 dBm),108-1F-06(-87 dBm)'",b'Eng2_04F-01',b'1',b'80',b'WUNIST_AAA',b'2',b'433',b'26',1575160556.1523466
b'1',b'Unknown',b'802.11ac (5GHz)',b'',"b'00:6b:f1:94:fe:00,00:6b:f1:95:00:70,38:ed:18:ca:2a:e0'",b'40',b'108',b'tjsdn2560',b'78:f8:82:a4:f9:1d',b'-67',b'1',b'45',b'40',b'400',b'80:e8:6f:d6:48:b0',b'60',b'15',b'910452',"b'Out_AP18(-92 dBm),Out_AP13(-84 dBm),108-1F-06(-87 dBm)'",b'Eng2_04F-01',b'1',b'80',b'WUNIST_AAA',b'2',b'433',b'26',1575160558.1656735
b'1',b'Unknown',b'802.11ac (5GHz)',b'',"b'00:6b:f1:94:fe:00,00:6b:f1:95:00:70,38:ed:18:ca:2a:e0'",b'40',b'108',b'tjsdn2560',b'78:f8:82:a4:f9:1d',b'-67',b'1',b'47',b'40',b'400',b'80:e8:6f:d6:48:b0',b'60',b'15',b'910452',"b'Out_AP18(-92 dBm),Out_AP13(-84 dBm),108-1F-06(-87 dBm)'",b'Eng2_04F-01',b'1',b'80',b'WUNIST_AAA',b'2',b'433',b'26',1575160560.1778126
b'1',b'Unknown',b'802.11ac (5GHz)',b'',"b'00:6b:f1:94:fe:00,00:6b:f1:95:00:70,38:ed:18:ca:2a:e0'",b'40',b'108',b'tjsdn2560',b'78:f8:82:a4:f9:1d',b'-67',b'1',b'49',b'40',b'400',b'80:e8:6f:d6:48:b0',b'60',b'15',b'910452',"b'Out_AP18(-92 dBm),Out_AP13(-84 dBm),108-1F-06(-87 dBm)'",b'Eng2_04F-01',b'1',b'80',b'WUNIST_AAA',b'2',b'433',b'26',1575160562.1894941
b'1',b'Unknown',b'802.11ac (5GHz)',b'',"b'00:6b:f1:94:fe:00,00:6b:f1:95:00:70,38:ed:18:ca:2a:e0'",b'40',b'108',b'tjsdn2560',b'78:f8:82:a4:f9:1d',b'-67',b'1',b'51',b'40',b'400',b'80:e8:6f:d6:48:b0',b'60',b'15',b'910452',"b'Out_AP18(-92 dBm),Out_AP13(-84 dBm),108-1F-06(-87 dBm)'",b'Eng2_04F-01',b'1',b'80',b'WUNIST_AAA',b'2',b'433',b'26',1575160564.202985
b'1',b'Unknown',b'802.11ac (5GHz)',b'',"b'00:6b:f1:94:fe:00,00:6b:f1:95:00:70,38:20:56:80:27:48'",b'40',b'108',b'tjsdn2560',b'78:f8:82:a4:f9:1d',b'-67',b'1',b'53',b'40',b'400',b'80:e8:6f:d6:48:b0',b'60',b'15',b'910452',"b'Out_AP18(-92 dBm),Out_AP13(-84 dBm),Eng2_02F_A04(-70 dBm)'",b'Eng2_04F-01',b'1',b'80',b'WUNIST_AAA',b'2',b'433',b'26',1575160566.2167835
b'1',b'Unknown',b'802.11ac (5GHz)',b'',"b'00:6b:f1:94:fe:00,00:6b:f1:95:00:70,38:20:56:80:27:48'",b'40',b'120',b'tjsdn2560',b'78:f8:82:a4:f9:1d',b'-78',b'1',b'1',b'40',b'400',b'80:e8:6f:d6:43:e0',b'60',b'15',b'910452',"b'Out_AP18(-92 dBm),Out_AP13(-84 dBm),Eng2_02F_A04(-70 dBm)'",b'Eng2_03F-04',b'1',b'80',b'WUNIST_AAA',b'2',b'433',b'0',1575160568.2313151
b'1',b'Unknown',b'802.11ac (5GHz)',b'',"b'00:6b:f1:94:fe:00,00:6b:f1:95:00:70,38:20:56:80:27:48'",b'40',b'120',b'tjsdn2560',b'78:f8:82:a4:f9:1d',b'-78',b'1',b'3',b'40',b'400',b'80:e8:6f:d6:43:e0',b'60',b'15',b'910452',"b'Out_AP18(-92 dBm),Out_AP13(-84 dBm),Eng2_02F_A04(-70 dBm)'",b'Eng2_03F-04',b'1',b'80',b'WUNIST_AAA',b'2',b'433',b'0',1575160570.2446942
b'1',b'Unknown',b'802.11ac (5GHz)',b'',"b'00:6b:f1:94:fe:00,00:6b:f1:95:00:70,38:20:56:80:27:48'",b'40',b'120',b'tjsdn2560',b'78:f8:82:a4:f9:1d',b'-78',b'1',b'5',b'40',b'400',b'80:e8:6f:d6:43:e0',b'60',b'15',b'910452',"b'Out_AP18(-92 dBm),Out_AP13(-84 dBm),Eng2_02F_A04(-70 dBm)'",b'Eng2_03F-04',b'1',b'80',b'WUNIST_AAA',b'2',b'433',b'0',1575160572.2562747
b'1',b'Unknown',b'802.11ac (5GHz)',b'',"b'00:6b:f1:94:fe:00,00:6b:f1:95:00:70,38:20:56:80:27:48'",b'40',b'120',b'tjsdn2560',b'78:f8:82:a4:f9:1d',b'-78',b'1',b'7',b'40',b'400',b'80:e8:6f:d6:43:e0',b'60',b'15',b'910452',"b'Out_AP18(-92 dBm),Out_AP13(-84 dBm),Eng2_02F_A04(-70 dBm)'",b'Eng2_03F-04',b'1',b'80',b'WUNIST_AAA',b'2',b'433',b'0',1575160574.2696478
b'1',b'Unknown',b'802.11ac (5GHz)',b'',"b'00:6b:f1:94:fe:00,00:6b:f1:95:00:70,38:20:56:80:27:48'",b'40',b'120',b'tjsdn2560',b'78:f8:82:a4:f9:1d',b'-78',b'1',b'9',b'40',b'400',b'80:e8:6f:d6:43:e0',b'60',b'15',b'910452',"b'Out_AP18(-92 dBm),Out_AP13(-84 dBm),Eng2_02F_A04(-70 dBm)'",b'Eng2_03F-04',b'1',b'80',b'WUNIST_AAA',b'2',b'433',b'0',1575160576.281308
b'1',b'Unknown',b'802.11ac (5GHz)',b'',"b'00:6b:f1:94:fe:00,00:6b:f1:95:00:70,38:20:56:80:27:48'",b'40',b'120',b'tjsdn2560',b'78:f8:82:a4:f9:1d',b'-78',b'1',b'11',b'40',b'400',b'80:e8:6f:d6:43:e0',b'60',b'15',b'910452',"b'Out_AP18(-92 dBm),Out_AP13(-84 dBm),Eng2_02F_A04(-70 dBm)'",b'Eng2_03F-04',b'1',b'80',b'WUNIST_AAA',b'2',b'433',b'0',1575160578.2947927
b'1',b'Unknown',b'802.11ac (5GHz)',b'',"b'00:6b:f1:94:fe:00,00:6b:f1:95:00:70,38:20:56:80:27:48'",b'40',b'120',b'tjsdn2560',b'78:f8:82:a4:f9:1d',b'-78',b'1',b'13',b'40',b'400',b'80:e8:6f:d6:43:e0',b'60',b'15',b'910452',"b'Out_AP18(-92 dBm),Out_AP13(-84 dBm),Eng2_02F_A04(-70 dBm)'",b'Eng2_03F-04',b'1',b'80',b'WUNIST_AAA',b'2',b'433',b'0',1575160580.3091362
b'1',b'Unknown',b'802.11ac (5GHz)',b'',"b'00:6b:f1:94:fe:00,00:6b:f1:95:00:70,38:20:56:80:27:48'",b'40',b'120',b'tjsdn2560',b'78:f8:82:a4:f9:1d',b'-78',b'1',b'15',b'40',b'400',b'80:e8:6f:d6:43:e0',b'60',b'15',b'910452',"b'Out_AP18(-92 dBm),Out_AP13(-84 dBm),Eng2_02F_A04(-70 dBm)'",b'Eng2_03F-04',b'1',b'80',b'WUNIST_AAA',b'2',b'433',b'0',1575160582.3231199
b'1',b'Unknown',b'802.11ac (5GHz)',b'',"b'00:6b:f1:94:fe:00,00:6b:f1:95:00:70,38:20:56:80:27:48'",b'40',b'120',b'tjsdn2560',b'78:f8:82:a4:f9:1d',b'-78',b'1',b'17',b'40',b'400',b'80:e8:6f:d6:43:e0',b'60',b'15',b'910452',"b'Out_AP18(-92 dBm),Out_AP13(-84 dBm),Eng2_02F_A04(-70 dBm)'",b'Eng2_03F-04',b'1',b'80',b'WUNIST_AAA',b'2',b'433',b'0',1575160584.338041
b'1',b'Unknown',b'802.11ac (5GHz)',b'',"b'00:6b:f1:94:fe:00,00:6b:f1:95:00:70,38:20:56:80:27:48'",b'40',b'120',b'tjsdn2560',b'78:f8:82:a4:f9:1d',b'-78',b'1',b'19',b'40',b'400',b'80:e8:6f:d6:43:e0',b'60',b'15',b'910452',"b'Out_AP18(-92 dBm),Out_AP13(-84 dBm),Eng2_02F_A04(-70 dBm)'",b'Eng2_03F-04',b'1',b'80',b'WUNIST_AAA',b'2',b'433',b'0',1575160586.3522427
b'1',b'Unknown',b'802.11ac (5GHz)',b'',"b'00:6b:f1:95:00:70,38:20:56:7e:1e:90,38:20:56:7e:27:d8'",b'40',b'120',b'tjsdn2560',b'78:f8:82:a4:f9:1d',b'-78',b'1',b'21',b'40',b'400',b'80:e8:6f:d6:43:e0',b'60',b'15',b'910452',"b'Out_AP13(-77 dBm),Eng1_01F_A17(-78 dBm),Eng1_02F_A04(-89 dBm)'",b'Eng2_03F-04',b'1',b'80',b'WUNIST_AAA',b'2',b'433',b'0',1575160588.3627126
b'1',b'Unknown',b'802.11ac (5GHz)',b'',"b'00:6b:f1:95:00:70,38:20:56:7e:1e:90,38:20:56:7e:27:d8'",b'40',b'64',b'tjsdn2560',b'78:f8:82:a4:f9:1d',b'-51',b'1',b'1',b'40',b'400',b'38:20:56:84:51:c0',b'60',b'15',b'910452',"b'Out_AP13(-80 dBm),Eng1_01F_A17(-78 dBm),Eng1_02F_A04(-89 dBm)'",b'Eng2_01F_A01',b'1',b'80',b'WUNIST_AAA',b'2',b'433',b'0',1575160590.3762314
b'1',b'Unknown',b'802.11ac (5GHz)',b'',"b'00:6b:f1:95:00:70,38:20:56:7e:1e:90,38:20:56:7e:27:d8'",b'40',b'64',b'tjsdn2560',b'78:f8:82:a4:f9:1d',b'-51',b'1',b'3',b'40',b'400',b'38:20:56:84:51:c0',b'60',b'15',b'910452',"b'Out_AP13(-81 dBm),Eng1_01F_A17(-70 dBm),Eng1_02F_A04(-90 dBm)'",b'Eng2_01F_A01',b'1',b'80',b'WUNIST_AAA',b'2',b'433',b'0',1575160592.3879433
b'1',b'Unknown',b'802.11ac (5GHz)',b'',"b'00:6b:f1:95:00:70,38:20:56:7e:1e:90,38:20:56:7e:27:d8'",b'40',b'64',b'tjsdn2560',b'78:f8:82:a4:f9:1d',b'-57',b'1',b'5',b'40',b'400',b'38:20:56:84:51:c0',b'200',b'50',b'925002',"b'Out_AP13(-81 dBm),Eng1_01F_A17(-70 dBm),Eng1_02F_A04(-90 dBm)'",b'Eng2_01F_A01',b'2',b'80',b'WUNIST_AAA',b'2',b'433',b'34',1575160594.402952
b'1',b'Unknown',b'802.11ac (5GHz)',b'',"b'00:6b:f1:95:00:70,38:20:56:7e:1e:90,38:20:56:7e:27:d8'",b'40',b'64',b'tjsdn2560',b'78:f8:82:a4:f9:1d',b'-57',b'1',b'7',b'40',b'400',b'38:20:56:84:51:c0',b'200',b'50',b'925002',"b'Out_AP13(-81 dBm),Eng1_01F_A17(-70 dBm),Eng1_02F_A04(-90 dBm)'",b'Eng2_01F_A01',b'2',b'80',b'WUNIST_AAA',b'2',b'433',b'34',1575160596.4163575
b'1',b'Unknown',b'802.11ac (5GHz)',b'',"b'00:6b:f1:95:00:70,38:20:56:7e:1e:90,38:20:56:7e:27:d8'",b'40',b'64',b'tjsdn2560',b'78:f8:82:a4:f9:1d',b'-57',b'1',b'9',b'40',b'400',b'38:20:56:84:51:c0',b'200',b'50',b'925002',"b'Out_AP13(-81 dBm),Eng1_01F_A17(-70 dBm),Eng1_02F_A04(-90 dBm)'",b'Eng2_01F_A01',b'2',b'80',b'WUNIST_AAA',b'2',b'433',b'34',1575160598.429605
b'1',b'Unknown',b'802.11ac (5GHz)',b'',"b'00:6b:f1:95:00:70,38:20:56:7e:1e:90,38:20:56:7e:27:d8'",b'40',b'64',b'tjsdn2560',b'78:f8:82:a4:f9:1d',b'-57',b'1',b'11',b'40',b'400',b'38:20:56:84:51:c0',b'200',b'50',b'925002',"b'Out_AP13(-81 dBm),Eng1_01F_A17(-70 dBm),Eng1_02F_A04(-90 dBm)'",b'Eng2_01F_A01',b'2',b'80',b'WUNIST_AAA',b'2',b'433',b'34',1575160600.444521
b'1',b'Unknown',b'802.11ac (5GHz)',b'',"b'00:6b:f1:95:00:70,38:20:56:7e:1e:90,38:20:56:7e:27:d8'",b'40',b'64',b'tjsdn2560',b'78:f8:82:a4:f9:1d',b'-57',b'1',b'13',b'40',b'400',b'38:20:56:84:51:c0',b'200',b'50',b'925002',"b'Out_AP13(-81 dBm),Eng1_01F_A17(-70 dBm),Eng1_02F_A04(-90 dBm)'",b'Eng2_01F_A01',b'2',b'80',b'WUNIST_AAA',b'2',b'433',b'34',1575160602.4600346
b'1',b'Unknown',b'802.11ac (5GHz)',b'',"b'00:6b:f1:95:00:70,38:20:56:7e:1e:90,38:20:56:7e:27:d8'",b'40',b'64',b'tjsdn2560',b'78:f8:82:a4:f9:1d',b'-57',b'1',b'15',b'40',b'400',b'38:20:56:84:51:c0',b'200',b'50',b'925002',"b'Out_AP13(-81 dBm),Eng1_01F_A17(-70 dBm),Eng1_02F_A04(-90 dBm)'",b'Eng2_01F_A01',b'2',b'80',b'WUNIST_AAA',b'2',b'433',b'34',1575160604.4716954
b'1',b'Unknown',b'802.11ac (5GHz)',b'',"b'00:6b:f1:95:00:70,38:20:56:7e:1e:90,38:20:56:7e:27:d8'",b'40',b'64',b'tjsdn2560',b'78:f8:82:a4:f9:1d',b'-57',b'1',b'17',b'40',b'400',b'38:20:56:84:51:c0',b'200',b'50',b'925002',"b'Out_AP13(-81 dBm),Eng1_01F_A17(-70 dBm),Eng1_02F_A04(-90 dBm)'",b'Eng2_01F_A01',b'2',b'80',b'WUNIST_AAA',b'2',b'433',b'34',1575160606.487527
b'1',b'Unknown',b'802.11ac (5GHz)',b'',"b'00:6b:f1:95:00:70,38:20:56:7e:1e:90,38:20:56:7e:27:d8'",b'40',b'64',b'tjsdn2560',b'78:f8:82:a4:f9:1d',b'-57',b'1',b'19',b'40',b'400',b'38:20:56:84:51:c0',b'200',b'50',b'925002',"b'Out_AP13(-81 dBm),Eng1_01F_A17(-70 dBm),Eng1_02F_A04(-90 dBm)'",b'Eng2_01F_A01',b'2',b'80',b'WUNIST_AAA',b'2',b'433',b'34',1575160608.5012565
b'1',b'Unknown',b'802.11ac (5GHz)',b'',"b'00:6b:f1:95:00:70,38:20:56:7e:1e:90,38:20:56:7e:27:d8'",b'40',b'64',b'tjsdn2560',b'78:f8:82:a4:f9:1d',b'-57',b'1',b'21',b'40',b'400',b'38:20:56:84:51:c0',b'200',b'50',b'925002',"b'Out_AP13(-81 dBm),Eng1_01F_A17(-70 dBm),Eng1_02F_A04(-90 dBm)'",b'Eng2_01F_A01',b'2',b'80',b'WUNIST_AAA',b'2',b'433',b'34',1575160610.516263
b'1',b'Unknown',b'802.11ac (5GHz)',b'',"b'00:6b:f1:95:00:70,38:20:56:7e:1e:90,38:20:56:7e:27:d8'",b'40',b'64',b'tjsdn2560',b'78:f8:82:a4:f9:1d',b'-57',b'1',b'23',b'40',b'400',b'38:20:56:84:51:c0',b'200',b'50',b'925002',"b'Out_AP13(-81 dBm),Eng1_01F_A17(-70 dBm),Eng1_02F_A04(-90 dBm)'",b'Eng2_01F_A01',b'2',b'80',b'WUNIST_AAA',b'2',b'433',b'34',1575160612.529243
b'1',b'Unknown',b'802.11ac (5GHz)',b'',"b'00:6b:f1:95:00:70,38:20:56:7e:1e:90,38:20:56:7e:27:d8'",b'40',b'64',b'tjsdn2560',b'78:f8:82:a4:f9:1d',b'-57',b'1',b'25',b'40',b'400',b'38:20:56:84:51:c0',b'200',b'50',b'925002',"b'Out_AP13(-81 dBm),Eng1_01F_A17(-70 dBm),Eng1_02F_A04(-90 dBm)'",b'Eng2_01F_A01',b'2',b'80',b'WUNIST_AAA',b'2',b'433',b'34',1575160614.5410864
b'1',b'Unknown',b'802.11ac (5GHz)',b'',"b'00:6b:f1:95:00:70,38:20:56:7e:1e:90,38:20:56:7e:27:d8'",b'40',b'64',b'tjsdn2560',b'78:f8:82:a4:f9:1d',b'-57',b'1',b'27',b'40',b'400',b'38:20:56:84:51:c0',b'200',b'50',b'925002',"b'Out_AP13(-81 dBm),Eng1_01F_A17(-70 dBm),Eng1_02F_A04(-90 dBm)'",b'Eng2_01F_A01',b'2',b'80',b'WUNIST_AAA',b'2',b'433',b'34',1575160616.5551171
b'1',b'Unknown',b'802.11ac (5GHz)',b'',"b'00:6b:f1:95:00:70,38:20:56:7e:1e:90,38:20:56:7e:27:d8'",b'40',b'64',b'tjsdn2560',b'78:f8:82:a4:f9:1d',b'-57',b'1',b'29',b'40',b'400',b'38:20:56:84:51:c0',b'200',b'50',b'925002',"b'Out_AP13(-81 dBm),Eng1_01F_A17(-70 dBm),Eng1_02F_A04(-90 dBm)'",b'Eng2_01F_A01',b'2',b'80',b'WUNIST_AAA',b'2',b'433',b'34',1575160618.5635145
b'1',b'Unknown',b'802.11ac (5GHz)',b'',"b'00:6b:f1:95:00:70,38:20:56:7e:1e:90,38:20:56:7e:27:d8'",b'40',b'64',b'tjsdn2560',b'78:f8:82:a4:f9:1d',b'-57',b'1',b'31',b'40',b'400',b'38:20:56:84:51:c0',b'200',b'50',b'925002',"b'Out_AP13(-81 dBm),Eng1_01F_A17(-70 dBm),Eng1_02F_A04(-90 dBm)'",b'Eng2_01F_A01',b'2',b'80',b'WUNIST_AAA',b'2',b'433',b'34',1575160620.5753074
b'1',b'Unknown',b'802.11ac (5GHz)',b'',"b'00:6b:f1:95:00:70,38:20:56:7e:1e:90,38:20:56:7e:27:d8'",b'40',b'64',b'tjsdn2560',b'78:f8:82:a4:f9:1d',b'-57',b'1',b'33',b'40',b'400',b'38:20:56:84:51:c0',b'200',b'50',b'925002',"b'Out_AP13(-81 dBm),Eng1_01F_A17(-70 dBm),Eng1_02F_A04(-90 dBm)'",b'Eng2_01F_A01',b'2',b'80',b'WUNIST_AAA',b'2',b'433',b'34',1575160622.5885413
b'1',b'Unknown',b'802.11ac (5GHz)',b'',"b'00:6b:f1:95:00:70,38:20:56:7e:1e:90,38:20:56:7e:27:d8'",b'40',b'64',b'tjsdn2560',b'78:f8:82:a4:f9:1d',b'-57',b'1',b'35',b'40',b'400',b'38:20:56:84:51:c0',b'200',b'50',b'925002',"b'Out_AP13(-81 dBm),Eng1_01F_A17(-70 dBm),Eng1_02F_A04(-90 dBm)'",b'Eng2_01F_A01',b'2',b'80',b'WUNIST_AAA',b'2',b'433',b'34',1575160624.6051774
b'1',b'Unknown',b'802.11ac (5GHz)',b'',"b'00:6b:f1:95:00:70,38:20:56:7e:1e:90,38:20:56:7e:27:d8'",b'40',b'64',b'tjsdn2560',b'78:f8:82:a4:f9:1d',b'-57',b'1',b'37',b'40',b'400',b'38:20:56:84:51:c0',b'200',b'50',b'925002',"b'Out_AP13(-81 dBm),Eng1_01F_A17(-70 dBm),Eng1_02F_A04(-90 dBm)'",b'Eng2_01F_A01',b'2',b'80',b'WUNIST_AAA',b'2',b'433',b'34',1575160626.6187658
b'1',b'Unknown',b'802.11ac (5GHz)',b'',"b'00:6b:f1:95:00:70,38:20:56:7e:1e:90,38:20:56:7e:27:d8'",b'40',b'64',b'tjsdn2560',b'78:f8:82:a4:f9:1d',b'-57',b'1',b'39',b'40',b'400',b'38:20:56:84:51:c0',b'200',b'50',b'925002',"b'Out_AP13(-81 dBm),Eng1_01F_A17(-70 dBm),Eng1_02F_A04(-90 dBm)'",b'Eng2_01F_A01',b'2',b'80',b'WUNIST_AAA',b'2',b'433',b'34',1575160628.6308815
b'1',b'Unknown',b'802.11ac (5GHz)',b'',"b'00:6b:f1:95:00:70,38:20:56:7e:1e:90,38:20:56:7e:27:d8'",b'40',b'64',b'tjsdn2560',b'78:f8:82:a4:f9:1d',b'-57',b'1',b'41',b'40',b'400',b'38:20:56:84:51:c0',b'200',b'50',b'925002',"b'Out_AP13(-81 dBm),Eng1_01F_A17(-70 dBm),Eng1_02F_A04(-90 dBm)'",b'Eng2_01F_A01',b'2',b'80',b'WUNIST_AAA',b'2',b'433',b'34',1575160630.6460137
b'1',b'Unknown',b'802.11ac (5GHz)',b'',"b'00:6b:f1:95:00:70,38:20:56:7e:1e:90,38:20:56:7e:27:d8'",b'40',b'64',b'tjsdn2560',b'78:f8:82:a4:f9:1d',b'-57',b'1',b'43',b'40',b'400',b'38:20:56:84:51:c0',b'200',b'50',b'925002',"b'Out_AP13(-81 dBm),Eng1_01F_A17(-70 dBm),Eng1_02F_A04(-90 dBm)'",b'Eng2_01F_A01',b'2',b'80',b'WUNIST_AAA',b'2',b'433',b'34',1575160632.660034
